[12:48:21] [main/INFO] (FabricLoader/GameProvider) Loading Minecraft 1.21.10 with Fabric Loader 0.17.3
[12:48:21] [main/DEBUG] (FabricLoader/GamePatch) Found game constructor: net.minecraft.server.Main -> net/minecraft/server/Main
[12:48:21] [main/DEBUG] (FabricLoader/GamePatch) Patching game constructor main([Ljava/lang/String;)V
[12:48:21] [main/DEBUG] (FabricLoader/GamePatch) 20w22a+ detected, patching main method...
[12:48:21] [main/DEBUG] (FabricLoader/GamePatch) Detected version above 20w22a
[12:48:21] [main/DEBUG] (FabricLoader/GamePatch) Applying brand name hook to net/minecraft/server/MinecraftServer::getServerModName
[12:48:21] [main/DEBUG] (FabricLoader/GamePatch) Patched 2 classs
[12:48:21] [main/DEBUG] (FabricLoader/Discovery) Skipping missing class path group entry /home/runner/work/server/server/build/classes/java/client
[12:48:21] [main/DEBUG] (FabricLoader/Discovery) Skipping missing class path group entry /home/runner/work/server/server/build/resources/client
[12:48:21] [main/DEBUG] (FabricLoader/Discovery) Skipping class path group with no effect: /home/runner/work/server/server/.gradle/loom-cache/remapped_mods/remapped/net/fabricmc/fabric-api/fabric-block-view-api-v2-e9493de5-common/1.0.34+e4fd1b926f/fabric-block-view-api-v2-e9493de5-common-1.0.34+e4fd1b926f.jar:/home/runner/work/server/server/.gradle/loom-cache/remapped_mods/remapped/net/fabricmc/fabric-api/fabric-block-view-api-v2-e9493de5-client/1.0.34+e4fd1b926f/fabric-block-view-api-v2-e9493de5-client-1.0.34+e4fd1b926f.jar
[12:48:21] [main/DEBUG] (FabricLoader/Discovery) Skipping class path group with no effect: /home/runner/work/server/server/.gradle/loom-cache/remapped_mods/remapped/net/fabricmc/fabric-api/fabric-command-api-v2-e9493de5-common/2.4.0+c0ab2d5d6f/fabric-command-api-v2-e9493de5-common-2.4.0+c0ab2d5d6f.jar:/home/runner/work/server/server/.gradle/loom-cache/remapped_mods/remapped/net/fabricmc/fabric-api/fabric-command-api-v2-e9493de5-client/2.4.0+c0ab2d5d6f/fabric-command-api-v2-e9493de5-client-2.4.0+c0ab2d5d6f.jar
[12:48:21] [main/DEBUG] (FabricLoader/Discovery) Skipping class path group with no effect: /home/runner/work/server/server/.gradle/loom-cache/remapped_mods/remapped/net/fabricmc/fabric-api/fabric-data-attachment-api-v1-e9493de5-common/1.8.30+68e881bd6f/fabric-data-attachment-api-v1-e9493de5-common-1.8.30+68e881bd6f.jar:/home/runner/work/server/server/.gradle/loom-cache/remapped_mods/remapped/net/fabricmc/fabric-api/fabric-data-attachment-api-v1-e9493de5-client/1.8.30+68e881bd6f/fabric-data-attachment-api-v1-e9493de5-client-1.8.30+68e881bd6f.jar
[12:48:21] [main/DEBUG] (FabricLoader/Discovery) Skipping class path group with no effect: /home/runner/work/server/server/.gradle/loom-cache/remapped_mods/remapped/net/fabricmc/fabric-api/fabric-data-generation-api-v1-e9493de5-common/23.2.24+d8b85ef16f/fabric-data-generation-api-v1-e9493de5-common-23.2.24+d8b85ef16f.jar:/home/runner/work/server/server/.gradle/loom-cache/remapped_mods/remapped/net/fabricmc/fabric-api/fabric-data-generation-api-v1-e9493de5-client/23.2.24+d8b85ef16f/fabric-data-generation-api-v1-e9493de5-client-23.2.24+d8b85ef16f.jar
[12:48:21] [main/DEBUG] (FabricLoader/Discovery) Skipping class path group with no effect: /home/runner/work/server/server/.gradle/loom-cache/remapped_mods/remapped/net/fabricmc/fabric-api/fabric-events-interaction-v0-e9493de5-common/4.0.36+5ba217126f/fabric-events-interaction-v0-e9493de5-common-4.0.36+5ba217126f.jar:/home/runner/work/server/server/.gradle/loom-cache/remapped_mods/remapped/net/fabricmc/fabric-api/fabric-events-interaction-v0-e9493de5-client/4.0.36+5ba217126f/fabric-events-interaction-v0-e9493de5-client-4.0.36+5ba217126f.jar
[12:48:21] [main/DEBUG] (FabricLoader/Discovery) Skipping class path group with no effect: /home/runner/work/server/server/.gradle/loom-cache/remapped_mods/remapped/net/fabricmc/fabric-api/fabric-game-rule-api-v1-e9493de5-common/1.1.1+e47eaae56f/fabric-game-rule-api-v1-e9493de5-common-1.1.1+e47eaae56f.jar:/home/runner/work/server/server/.gradle/loom-cache/remapped_mods/remapped/net/fabricmc/fabric-api/fabric-game-rule-api-v1-e9493de5-client/1.1.1+e47eaae56f/fabric-game-rule-api-v1-e9493de5-client-1.1.1+e47eaae56f.jar
[12:48:21] [main/DEBUG] (FabricLoader/Discovery) Skipping class path group with no effect: /home/runner/work/server/server/.gradle/loom-cache/remapped_mods/remapped/net/fabricmc/fabric-api/fabric-item-api-v1-e9493de5-common/11.5.9+9bce411b6f/fabric-item-api-v1-e9493de5-common-11.5.9+9bce411b6f.jar:/home/runner/work/server/server/.gradle/loom-cache/remapped_mods/remapped/net/fabricmc/fabric-api/fabric-item-api-v1-e9493de5-client/11.5.9+9bce411b6f/fabric-item-api-v1-e9493de5-client-11.5.9+9bce411b6f.jar
[12:48:21] [main/DEBUG] (FabricLoader/Discovery) Skipping class path group with no effect: /home/runner/work/server/server/.gradle/loom-cache/remapped_mods/remapped/net/fabricmc/fabric-api/fabric-item-group-api-v1-e9493de5-common/4.2.25+86b3ae576f/fabric-item-group-api-v1-e9493de5-common-4.2.25+86b3ae576f.jar:/home/runner/work/server/server/.gradle/loom-cache/remapped_mods/remapped/net/fabricmc/fabric-api/fabric-item-group-api-v1-e9493de5-client/4.2.25+86b3ae576f/fabric-item-group-api-v1-e9493de5-client-4.2.25+86b3ae576f.jar
[12:48:21] [main/DEBUG] (FabricLoader/Discovery) Skipping class path group with no effect: /home/runner/work/server/server/.gradle/loom-cache/remapped_mods/remapped/net/fabricmc/fabric-api/fabric-lifecycle-events-v1-e9493de5-common/2.6.9+33df5e6e6f/fabric-lifecycle-events-v1-e9493de5-common-2.6.9+33df5e6e6f.jar:/home/runner/work/server/server/.gradle/loom-cache/remapped_mods/remapped/net/fabricmc/fabric-api/fabric-lifecycle-events-v1-e9493de5-client/2.6.9+33df5e6e6f/fabric-lifecycle-events-v1-e9493de5-client-2.6.9+33df5e6e6f.jar
[12:48:21] [main/DEBUG] (FabricLoader/Discovery) Skipping class path group with no effect: /home/runner/work/server/server/.gradle/loom-cache/remapped_mods/remapped/net/fabricmc/fabric-api/fabric-message-api-v1-e9493de5-common/6.1.7+3154c1c86f/fabric-message-api-v1-e9493de5-common-6.1.7+3154c1c86f.jar:/home/runner/work/server/server/.gradle/loom-cache/remapped_mods/remapped/net/fabricmc/fabric-api/fabric-message-api-v1-e9493de5-client/6.1.7+3154c1c86f/fabric-message-api-v1-e9493de5-client-6.1.7+3154c1c86f.jar
[12:48:21] [main/DEBUG] (FabricLoader/Discovery) Skipping class path group with no effect: /home/runner/work/server/server/.gradle/loom-cache/remapped_mods/remapped/net/fabricmc/fabric-api/fabric-networking-api-v1-e9493de5-common/5.1.0+b095d8db6f/fabric-networking-api-v1-e9493de5-common-5.1.0+b095d8db6f.jar:/home/runner/work/server/server/.gradle/loom-cache/remapped_mods/remapped/net/fabricmc/fabric-api/fabric-networking-api-v1-e9493de5-client/5.1.0+b095d8db6f/fabric-networking-api-v1-e9493de5-client-5.1.0+b095d8db6f.jar
[12:48:21] [main/DEBUG] (FabricLoader/Discovery) Skipping class path group with no effect: /home/runner/work/server/server/.gradle/loom-cache/remapped_mods/remapped/net/fabricmc/fabric-api/fabric-object-builder-api-v1-e9493de5-common/21.1.26+9bce411b6f/fabric-object-builder-api-v1-e9493de5-common-21.1.26+9bce411b6f.jar:/home/runner/work/server/server/.gradle/loom-cache/remapped_mods/remapped/net/fabricmc/fabric-api/fabric-object-builder-api-v1-e9493de5-client/21.1.26+9bce411b6f/fabric-object-builder-api-v1-e9493de5-client-21.1.26+9bce411b6f.jar
[12:48:21] [main/DEBUG] (FabricLoader/Discovery) Skipping class path group with no effect: /home/runner/work/server/server/.gradle/loom-cache/remapped_mods/remapped/net/fabricmc/fabric-api/fabric-particles-v1-e9493de5-common/4.2.3+a0ee59a46f/fabric-particles-v1-e9493de5-common-4.2.3+a0ee59a46f.jar:/home/runner/work/server/server/.gradle/loom-cache/remapped_mods/remapped/net/fabricmc/fabric-api/fabric-particles-v1-e9493de5-client/4.2.3+a0ee59a46f/fabric-particles-v1-e9493de5-client-4.2.3+a0ee59a46f.jar
[12:48:21] [main/DEBUG] (FabricLoader/Discovery) Skipping class path group with no effect: /home/runner/work/server/server/.gradle/loom-cache/remapped_mods/remapped/net/fabricmc/fabric-api/fabric-recipe-api-v1-e9493de5-common/8.1.27+d17682156f/fabric-recipe-api-v1-e9493de5-common-8.1.27+d17682156f.jar:/home/runner/work/server/server/.gradle/loom-cache/remapped_mods/remapped/net/fabricmc/fabric-api/fabric-recipe-api-v1-e9493de5-client/8.1.27+d17682156f/fabric-recipe-api-v1-e9493de5-client-8.1.27+d17682156f.jar
[12:48:21] [main/DEBUG] (FabricLoader/Discovery) Skipping class path group with no effect: /home/runner/work/server/server/.gradle/loom-cache/remapped_mods/remapped/net/fabricmc/fabric-api/fabric-registry-sync-v0-e9493de5-common/6.1.42+679c8c5c6f/fabric-registry-sync-v0-e9493de5-common-6.1.42+679c8c5c6f.jar:/home/runner/work/server/server/.gradle/loom-cache/remapped_mods/remapped/net/fabricmc/fabric-api/fabric-registry-sync-v0-e9493de5-client/6.1.42+679c8c5c6f/fabric-registry-sync-v0-e9493de5-client-6.1.42+679c8c5c6f.jar
[12:48:21] [main/DEBUG] (FabricLoader/Discovery) Skipping class path group with no effect: /home/runner/work/server/server/.gradle/loom-cache/remapped_mods/remapped/net/fabricmc/fabric-api/fabric-rendering-fluids-v1-e9493de5-common/3.1.38+86b3ae576f/fabric-rendering-fluids-v1-e9493de5-common-3.1.38+86b3ae576f.jar:/home/runner/work/server/server/.gradle/loom-cache/remapped_mods/remapped/net/fabricmc/fabric-api/fabric-rendering-fluids-v1-e9493de5-client/3.1.38+86b3ae576f/fabric-rendering-fluids-v1-e9493de5-client-3.1.38+86b3ae576f.jar
[12:48:21] [main/DEBUG] (FabricLoader/Discovery) Skipping class path group with no effect: /home/runner/work/server/server/.gradle/loom-cache/remapped_mods/remapped/net/fabricmc/fabric-api/fabric-resource-loader-v0-e9493de5-common/3.2.3+3388a3b26f/fabric-resource-loader-v0-e9493de5-common-3.2.3+3388a3b26f.jar:/home/runner/work/server/server/.gradle/loom-cache/remapped_mods/remapped/net/fabricmc/fabric-api/fabric-resource-loader-v0-e9493de5-client/3.2.3+3388a3b26f/fabric-resource-loader-v0-e9493de5-client-3.2.3+3388a3b26f.jar
[12:48:21] [main/DEBUG] (FabricLoader/Discovery) Skipping class path group with no effect: /home/runner/work/server/server/.gradle/loom-cache/remapped_mods/remapped/net/fabricmc/fabric-api/fabric-resource-loader-v1-e9493de5-common/1.0.3+8cc86c156f/fabric-resource-loader-v1-e9493de5-common-1.0.3+8cc86c156f.jar:/home/runner/work/server/server/.gradle/loom-cache/remapped_mods/remapped/net/fabricmc/fabric-api/fabric-resource-loader-v1-e9493de5-client/1.0.3+8cc86c156f/fabric-resource-loader-v1-e9493de5-client-1.0.3+8cc86c156f.jar
[12:48:21] [main/DEBUG] (FabricLoader/Discovery) Skipping class path group with no effect: /home/runner/work/server/server/.gradle/loom-cache/remapped_mods/remapped/net/fabricmc/fabric-api/fabric-screen-handler-api-v1-e9493de5-common/1.3.151+d17682156f/fabric-screen-handler-api-v1-e9493de5-common-1.3.151+d17682156f.jar:/home/runner/work/server/server/.gradle/loom-cache/remapped_mods/remapped/net/fabricmc/fabric-api/fabric-screen-handler-api-v1-e9493de5-client/1.3.151+d17682156f/fabric-screen-handler-api-v1-e9493de5-client-1.3.151+d17682156f.jar
[12:48:21] [main/DEBUG] (FabricLoader/Discovery) Skipping class path group with no effect: /home/runner/work/server/server/.gradle/loom-cache/remapped_mods/remapped/net/fabricmc/fabric-api/fabric-tag-api-v1-e9493de5-common/1.2.11+2fa446b26f/fabric-tag-api-v1-e9493de5-common-1.2.11+2fa446b26f.jar:/home/runner/work/server/server/.gradle/loom-cache/remapped_mods/remapped/net/fabricmc/fabric-api/fabric-tag-api-v1-e9493de5-client/1.2.11+2fa446b26f/fabric-tag-api-v1-e9493de5-client-1.2.11+2fa446b26f.jar
[12:48:21] [main/DEBUG] (FabricLoader/Discovery) Skipping class path group with no effect: /home/runner/work/server/server/.gradle/loom-cache/remapped_mods/remapped/net/fabricmc/fabric-api/fabric-transfer-api-v1-e9493de5-common/6.0.15+79ec2c126f/fabric-transfer-api-v1-e9493de5-common-6.0.15+79ec2c126f.jar:/home/runner/work/server/server/.gradle/loom-cache/remapped_mods/remapped/net/fabricmc/fabric-api/fabric-transfer-api-v1-e9493de5-client/6.0.15+79ec2c126f/fabric-transfer-api-v1-e9493de5-client-6.0.15+79ec2c126f.jar
[12:48:21] [main/DEBUG] (FabricLoader/Discovery) Mod discovery time: 30.0 ms
[12:48:22] [main/DEBUG] (FabricLoader/Resolution) Mod resolution time: 49.9 ms
[12:48:22] [main/INFO] (FabricLoader) Loading 43 mods:
	- fabric-api 0.136.0+1.21.10
	- fabric-api-base 1.0.0+14b92d896f
	- fabric-api-lookup-api-v1 1.6.106+d17682156f
	- fabric-biome-api-v1 16.1.0+c2417d4f6f
	- fabric-block-api-v1 1.1.5+d17682156f
	- fabric-block-view-api-v2 1.0.34+e4fd1b926f
	- fabric-command-api-v2 2.4.0+c0ab2d5d6f
	- fabric-content-registries-v0 10.2.4+b6a242646f
	- fabric-convention-tags-v1 2.1.48+7f945d5b6f
	- fabric-convention-tags-v2 2.16.0+552403eb6f
	- fabric-crash-report-info-v1 0.3.18+33df5e6e6f
	- fabric-data-attachment-api-v1 1.8.30+68e881bd6f
	- fabric-data-generation-api-v1 23.2.24+d8b85ef16f
	- fabric-dimensions-v1 4.0.22+38b9cc196f
	- fabric-entity-events-v1 2.1.13+fde3702c6f
	- fabric-events-interaction-v0 4.0.36+5ba217126f
	- fabric-game-rule-api-v1 1.1.1+e47eaae56f
	- fabric-gametest-api-v1 3.1.19+33df5e6e6f
	- fabric-item-api-v1 11.5.9+9bce411b6f
	- fabric-item-group-api-v1 4.2.25+86b3ae576f
	- fabric-lifecycle-events-v1 2.6.9+33df5e6e6f
	- fabric-loot-api-v2 3.0.65+3f89f5a56f
	- fabric-loot-api-v3 2.0.12+d17682156f
	- fabric-message-api-v1 6.1.7+3154c1c86f
	- fabric-networking-api-v1 5.1.0+b095d8db6f
	- fabric-object-builder-api-v1 21.1.26+9bce411b6f
	- fabric-particles-v1 4.2.3+a0ee59a46f
	- fabric-recipe-api-v1 8.1.27+d17682156f
	- fabric-registry-sync-v0 6.1.42+679c8c5c6f
	- fabric-rendering-fluids-v1 3.1.38+86b3ae576f
	- fabric-resource-conditions-api-v1 5.0.28+33df5e6e6f
	- fabric-resource-loader-v0 3.2.3+3388a3b26f
	- fabric-resource-loader-v1 1.0.3+8cc86c156f
	- fabric-screen-handler-api-v1 1.3.151+d17682156f
	- fabric-serialization-api-v1 1.0.0+d857c9766f
	- fabric-tag-api-v1 1.2.11+2fa446b26f
	- fabric-transfer-api-v1 6.0.15+79ec2c126f
	- fabric-transitive-access-wideners-v1 6.5.3+41eb43436f
	- fabricloader 0.17.3
	- java 21
	- minecraft 1.21.10
	- mixinextras 0.5.0
	- modid 1.0.0
[12:48:22] [main/DEBUG] (FabricLoader/Knot) Adding /home/runner/work/server/server/build/classes/java/main to classpath.
[12:48:22] [main/DEBUG] (FabricLoader/Knot) Adding /home/runner/work/server/server/build/resources/main to classpath.
[12:48:22] [main/DEBUG] (FabricLoader/Knot) Adding /home/runner/work/server/server/.gradle/loom-cache/remapped_mods/remapped/net/fabricmc/fabric-api/fabric-events-interaction-v0-e9493de5-common/4.0.36+5ba217126f/fabric-events-interaction-v0-e9493de5-common-4.0.36+5ba217126f.jar to classpath.
[12:48:22] [main/DEBUG] (FabricLoader/Knot) Adding /home/runner/work/server/server/.gradle/loom-cache/remapped_mods/remapped/net/fabricmc/fabric-api/fabric-api-e9493de5-common/0.136.0+1.21.10/fabric-api-e9493de5-common-0.136.0+1.21.10.jar to classpath.
[12:48:22] [main/DEBUG] (FabricLoader/Knot) Adding /home/runner/work/server/server/.gradle/loom-cache/remapped_mods/remapped/net/fabricmc/fabric-api/fabric-transitive-access-wideners-v1-e9493de5-common/6.5.3+41eb43436f/fabric-transitive-access-wideners-v1-e9493de5-common-6.5.3+41eb43436f.jar to classpath.
[12:48:22] [main/DEBUG] (FabricLoader/Knot) Adding /home/runner/work/server/server/.gradle/loom-cache/remapped_mods/remapped/net/fabricmc/fabric-api/fabric-particles-v1-e9493de5-common/4.2.3+a0ee59a46f/fabric-particles-v1-e9493de5-common-4.2.3+a0ee59a46f.jar to classpath.
[12:48:22] [main/DEBUG] (FabricLoader/Knot) Adding /home/runner/work/server/server/.gradle/loom-cache/remapped_mods/remapped/net/fabricmc/fabric-api/fabric-registry-sync-v0-e9493de5-common/6.1.42+679c8c5c6f/fabric-registry-sync-v0-e9493de5-common-6.1.42+679c8c5c6f.jar to classpath.
[12:48:22] [main/DEBUG] (FabricLoader/Knot) Adding /home/runner/work/server/server/.gradle/loom-cache/remapped_mods/remapped/net/fabricmc/fabric-api/fabric-api-base-e9493de5-common/1.0.0+14b92d896f/fabric-api-base-e9493de5-common-1.0.0+14b92d896f.jar to classpath.
[12:48:22] [main/DEBUG] (FabricLoader/Knot) Adding /home/runner/work/server/server/.gradle/loom-cache/remapped_mods/remapped/net/fabricmc/fabric-api/fabric-convention-tags-v2-e9493de5-common/2.16.0+552403eb6f/fabric-convention-tags-v2-e9493de5-common-2.16.0+552403eb6f.jar to classpath.
[12:48:22] [main/DEBUG] (FabricLoader/Knot) Adding /home/runner/work/server/server/.gradle/loom-cache/remapped_mods/remapped/net/fabricmc/fabric-api/fabric-item-group-api-v1-e9493de5-common/4.2.25+86b3ae576f/fabric-item-group-api-v1-e9493de5-common-4.2.25+86b3ae576f.jar to classpath.
[12:48:22] [main/DEBUG] (FabricLoader/Knot) Adding /home/runner/work/server/server/.gradle/loom-cache/remapped_mods/remapped/net/fabricmc/fabric-api/fabric-api-lookup-api-v1-e9493de5-common/1.6.106+d17682156f/fabric-api-lookup-api-v1-e9493de5-common-1.6.106+d17682156f.jar to classpath.
[12:48:22] [main/DEBUG] (FabricLoader/Knot) Adding /home/runner/work/server/server/.gradle/loom-cache/remapped_mods/remapped/net/fabricmc/fabric-api/fabric-content-registries-v0-e9493de5-common/10.2.4+b6a242646f/fabric-content-registries-v0-e9493de5-common-10.2.4+b6a242646f.jar to classpath.
[12:48:22] [main/DEBUG] (FabricLoader/Knot) Adding /home/runner/work/server/server/.gradle/loom-cache/remapped_mods/remapped/net/fabricmc/fabric-api/fabric-serialization-api-v1-e9493de5-common/1.0.0+d857c9766f/fabric-serialization-api-v1-e9493de5-common-1.0.0+d857c9766f.jar to classpath.
[12:48:22] [main/DEBUG] (FabricLoader/Knot) Adding /home/runner/work/server/server/.gradle/loom-cache/remapped_mods/remapped/net/fabricmc/fabric-api/fabric-recipe-api-v1-e9493de5-common/8.1.27+d17682156f/fabric-recipe-api-v1-e9493de5-common-8.1.27+d17682156f.jar to classpath.
[12:48:22] [main/DEBUG] (FabricLoader/Knot) Adding /home/runner/work/server/server/.gradle/loom-cache/remapped_mods/remapped/net/fabricmc/fabric-api/fabric-resource-conditions-api-v1-e9493de5-common/5.0.28+33df5e6e6f/fabric-resource-conditions-api-v1-e9493de5-common-5.0.28+33df5e6e6f.jar to classpath.
[12:48:22] [main/DEBUG] (FabricLoader/Knot) Adding /home/runner/work/server/server/.gradle/loom-cache/remapped_mods/remapped/net/fabricmc/fabric-api/fabric-rendering-fluids-v1-e9493de5-common/3.1.38+86b3ae576f/fabric-rendering-fluids-v1-e9493de5-common-3.1.38+86b3ae576f.jar to classpath.
[12:48:22] [main/DEBUG] (FabricLoader/Knot) Adding /home/runner/work/server/server/.gradle/loom-cache/remapped_mods/remapped/net/fabricmc/fabric-api/fabric-data-attachment-api-v1-e9493de5-common/1.8.30+68e881bd6f/fabric-data-attachment-api-v1-e9493de5-common-1.8.30+68e881bd6f.jar to classpath.
[12:48:22] [main/DEBUG] (FabricLoader/Knot) Adding /home/runner/work/server/server/.gradle/loom-cache/remapped_mods/remapped/net/fabricmc/fabric-api/fabric-item-api-v1-e9493de5-common/11.5.9+9bce411b6f/fabric-item-api-v1-e9493de5-common-11.5.9+9bce411b6f.jar to classpath.
[12:48:22] [main/DEBUG] (FabricLoader/Knot) Adding /home/runner/work/server/server/.gradle/loom-cache/remapped_mods/remapped/net/fabricmc/fabric-api/fabric-lifecycle-events-v1-e9493de5-common/2.6.9+33df5e6e6f/fabric-lifecycle-events-v1-e9493de5-common-2.6.9+33df5e6e6f.jar to classpath.
[12:48:22] [main/DEBUG] (FabricLoader/Knot) Adding /home/runner/work/server/server/.gradle/loom-cache/remapped_mods/remapped/net/fabricmc/fabric-api/fabric-data-generation-api-v1-e9493de5-common/23.2.24+d8b85ef16f/fabric-data-generation-api-v1-e9493de5-common-23.2.24+d8b85ef16f.jar to classpath.
[12:48:22] [main/DEBUG] (FabricLoader/Knot) Adding /home/runner/.gradle/caches/modules-2/files-2.1/io.github.llamalad7/mixinextras-fabric/0.5.0/91a83dfb7abd320f6236bd1fcf5c0ff143d59a13/mixinextras-fabric-0.5.0.jar to classpath.
[12:48:22] [main/DEBUG] (FabricLoader/Knot) Adding /home/runner/work/server/server/.gradle/loom-cache/remapped_mods/remapped/net/fabricmc/fabric-api/fabric-loot-api-v3-e9493de5-common/2.0.12+d17682156f/fabric-loot-api-v3-e9493de5-common-2.0.12+d17682156f.jar to classpath.
[12:48:22] [main/DEBUG] (FabricLoader/Knot) Adding /home/runner/work/server/server/.gradle/loom-cache/remapped_mods/remapped/net/fabricmc/fabric-api/fabric-command-api-v2-e9493de5-common/2.4.0+c0ab2d5d6f/fabric-command-api-v2-e9493de5-common-2.4.0+c0ab2d5d6f.jar to classpath.
[12:48:22] [main/DEBUG] (FabricLoader/Knot) Adding /home/runner/work/server/server/.gradle/loom-cache/remapped_mods/remapped/net/fabricmc/fabric-api/fabric-transfer-api-v1-e9493de5-common/6.0.15+79ec2c126f/fabric-transfer-api-v1-e9493de5-common-6.0.15+79ec2c126f.jar to classpath.
[12:48:22] [main/DEBUG] (FabricLoader/Knot) Adding /home/runner/work/server/server/.gradle/loom-cache/remapped_mods/remapped/net/fabricmc/fabric-api/fabric-networking-api-v1-e9493de5-common/5.1.0+b095d8db6f/fabric-networking-api-v1-e9493de5-common-5.1.0+b095d8db6f.jar to classpath.
[12:48:22] [main/DEBUG] (FabricLoader/Knot) Adding /home/runner/work/server/server/.gradle/loom-cache/remapped_mods/remapped/net/fabricmc/fabric-api/fabric-block-api-v1-e9493de5-common/1.1.5+d17682156f/fabric-block-api-v1-e9493de5-common-1.1.5+d17682156f.jar to classpath.
[12:48:22] [main/DEBUG] (FabricLoader/Knot) Adding /home/runner/work/server/server/.gradle/loom-cache/remapped_mods/remapped/net/fabricmc/fabric-api/fabric-tag-api-v1-e9493de5-common/1.2.11+2fa446b26f/fabric-tag-api-v1-e9493de5-common-1.2.11+2fa446b26f.jar to classpath.
[12:48:22] [main/DEBUG] (FabricLoader/Knot) Adding /home/runner/work/server/server/.gradle/loom-cache/remapped_mods/remapped/net/fabricmc/fabric-api/fabric-dimensions-v1-e9493de5-common/4.0.22+38b9cc196f/fabric-dimensions-v1-e9493de5-common-4.0.22+38b9cc196f.jar to classpath.
[12:48:22] [main/DEBUG] (FabricLoader/Knot) Adding /home/runner/work/server/server/.gradle/loom-cache/remapped_mods/remapped/net/fabricmc/fabric-api/fabric-screen-handler-api-v1-e9493de5-common/1.3.151+d17682156f/fabric-screen-handler-api-v1-e9493de5-common-1.3.151+d17682156f.jar to classpath.
[12:48:22] [main/DEBUG] (FabricLoader/Knot) Adding /home/runner/work/server/server/.gradle/loom-cache/remapped_mods/remapped/net/fabricmc/fabric-api/fabric-loot-api-v2-e9493de5-common/3.0.65+3f89f5a56f/fabric-loot-api-v2-e9493de5-common-3.0.65+3f89f5a56f.jar to classpath.
[12:48:22] [main/DEBUG] (FabricLoader/Knot) Adding /home/runner/work/server/server/.gradle/loom-cache/remapped_mods/remapped/net/fabricmc/fabric-api/fabric-biome-api-v1-e9493de5-common/16.1.0+c2417d4f6f/fabric-biome-api-v1-e9493de5-common-16.1.0+c2417d4f6f.jar to classpath.
[12:48:22] [main/DEBUG] (FabricLoader/Knot) Adding /home/runner/work/server/server/.gradle/loom-cache/remapped_mods/remapped/net/fabricmc/fabric-api/fabric-resource-loader-v0-e9493de5-common/3.2.3+3388a3b26f/fabric-resource-loader-v0-e9493de5-common-3.2.3+3388a3b26f.jar to classpath.
[12:48:22] [main/DEBUG] (FabricLoader/Knot) Adding /home/runner/work/server/server/.gradle/loom-cache/remapped_mods/remapped/net/fabricmc/fabric-api/fabric-block-view-api-v2-e9493de5-common/1.0.34+e4fd1b926f/fabric-block-view-api-v2-e9493de5-common-1.0.34+e4fd1b926f.jar to classpath.
[12:48:22] [main/DEBUG] (FabricLoader/Knot) Adding /home/runner/work/server/server/.gradle/loom-cache/remapped_mods/remapped/net/fabricmc/fabric-api/fabric-object-builder-api-v1-e9493de5-common/21.1.26+9bce411b6f/fabric-object-builder-api-v1-e9493de5-common-21.1.26+9bce411b6f.jar to classpath.
[12:48:22] [main/DEBUG] (FabricLoader/Knot) Adding /home/runner/work/server/server/.gradle/loom-cache/remapped_mods/remapped/net/fabricmc/fabric-api/fabric-crash-report-info-v1-e9493de5-common/0.3.18+33df5e6e6f/fabric-crash-report-info-v1-e9493de5-common-0.3.18+33df5e6e6f.jar to classpath.
[12:48:22] [main/DEBUG] (FabricLoader/Knot) Adding /home/runner/work/server/server/.gradle/loom-cache/remapped_mods/remapped/net/fabricmc/fabric-api/fabric-resource-loader-v1-e9493de5-common/1.0.3+8cc86c156f/fabric-resource-loader-v1-e9493de5-common-1.0.3+8cc86c156f.jar to classpath.
[12:48:22] [main/DEBUG] (FabricLoader/Knot) Adding /home/runner/work/server/server/.gradle/loom-cache/remapped_mods/remapped/net/fabricmc/fabric-api/fabric-convention-tags-v1-e9493de5-common/2.1.48+7f945d5b6f/fabric-convention-tags-v1-e9493de5-common-2.1.48+7f945d5b6f.jar to classpath.
[12:48:22] [main/DEBUG] (FabricLoader/Knot) Adding /home/runner/work/server/server/.gradle/loom-cache/remapped_mods/remapped/net/fabricmc/fabric-api/fabric-game-rule-api-v1-e9493de5-common/1.1.1+e47eaae56f/fabric-game-rule-api-v1-e9493de5-common-1.1.1+e47eaae56f.jar to classpath.
[12:48:22] [main/DEBUG] (FabricLoader/Knot) Adding /home/runner/work/server/server/.gradle/loom-cache/remapped_mods/remapped/net/fabricmc/fabric-api/fabric-entity-events-v1-e9493de5-common/2.1.13+fde3702c6f/fabric-entity-events-v1-e9493de5-common-2.1.13+fde3702c6f.jar to classpath.
[12:48:22] [main/DEBUG] (FabricLoader/Knot) Adding /home/runner/work/server/server/.gradle/loom-cache/remapped_mods/remapped/net/fabricmc/fabric-api/fabric-gametest-api-v1-e9493de5-common/3.1.19+33df5e6e6f/fabric-gametest-api-v1-e9493de5-common-3.1.19+33df5e6e6f.jar to classpath.
[12:48:22] [main/DEBUG] (FabricLoader/Knot) Adding /home/runner/work/server/server/.gradle/loom-cache/remapped_mods/remapped/net/fabricmc/fabric-api/fabric-message-api-v1-e9493de5-common/6.1.7+3154c1c86f/fabric-message-api-v1-e9493de5-common-6.1.7+3154c1c86f.jar to classpath.
[12:48:22] [main/DEBUG] (FabricLoader/Entrypoint) Registering new-style initializer com.example.ExampleModClient for mod modid (key client)
[12:48:22] [main/DEBUG] (FabricLoader/Entrypoint) Registering new-style initializer com.example.ExampleMod for mod modid (key main)
[12:48:22] [main/DEBUG] (FabricLoader/Entrypoint) Registering new-style initializer net.fabricmc.fabric.impl.event.interaction.InteractionEventsRouter for mod fabric-events-interaction-v0 (key main)
[12:48:22] [main/DEBUG] (FabricLoader/Entrypoint) Registering new-style initializer net.fabricmc.fabric.impl.client.particle.ExtendedBlockStateParticleEffectSyncClient for mod fabric-particles-v1 (key client)
[12:48:22] [main/DEBUG] (FabricLoader/Entrypoint) Registering new-style initializer net.fabricmc.fabric.impl.particle.ExtendedBlockStateParticleEffectSync for mod fabric-particles-v1 (key main)
[12:48:22] [main/DEBUG] (FabricLoader/Entrypoint) Registering new-style initializer net.fabricmc.fabric.impl.client.registry.sync.FabricRegistryClientInit for mod fabric-registry-sync-v0 (key client)
[12:48:22] [main/DEBUG] (FabricLoader/Entrypoint) Registering new-style initializer net.fabricmc.fabric.impl.registry.sync.FabricRegistryInit for mod fabric-registry-sync-v0 (key main)
[12:48:22] [main/DEBUG] (FabricLoader/Entrypoint) Registering new-style initializer net.fabricmc.fabric.impl.tag.convention.v2.TranslationConventionLogWarnings for mod fabric-convention-tags-v2 (key main)
[12:48:22] [main/DEBUG] (FabricLoader/Entrypoint) Registering new-style initializer net.fabricmc.fabric.impl.lookup.ApiLookupImpl for mod fabric-api-lookup-api-v1 (key main)
[12:48:22] [main/DEBUG] (FabricLoader/Entrypoint) Registering new-style initializer net.fabricmc.fabric.impl.recipe.ingredient.client.CustomIngredientSyncClient for mod fabric-recipe-api-v1 (key client)
[12:48:22] [main/DEBUG] (FabricLoader/Entrypoint) Registering new-style initializer net.fabricmc.fabric.impl.recipe.ingredient.CustomIngredientInit for mod fabric-recipe-api-v1 (key main)
[12:48:22] [main/DEBUG] (FabricLoader/Entrypoint) Registering new-style initializer net.fabricmc.fabric.impl.recipe.ingredient.CustomIngredientSync for mod fabric-recipe-api-v1 (key main)
[12:48:22] [main/DEBUG] (FabricLoader/Entrypoint) Registering new-style initializer net.fabricmc.fabric.impl.resource.conditions.ResourceConditionsImpl for mod fabric-resource-conditions-api-v1 (key main)
[12:48:22] [main/DEBUG] (FabricLoader/Entrypoint) Registering new-style initializer net.fabricmc.fabric.impl.attachment.client.AttachmentSyncClient for mod fabric-data-attachment-api-v1 (key client)
[12:48:22] [main/DEBUG] (FabricLoader/Entrypoint) Registering new-style initializer net.fabricmc.fabric.impl.attachment.AttachmentEntrypoint for mod fabric-data-attachment-api-v1 (key main)
[12:48:22] [main/DEBUG] (FabricLoader/Entrypoint) Registering new-style initializer net.fabricmc.fabric.impl.attachment.sync.AttachmentSync for mod fabric-data-attachment-api-v1 (key main)
[12:48:22] [main/DEBUG] (FabricLoader/Entrypoint) Registering new-style initializer net.fabricmc.fabric.impl.client.event.lifecycle.ClientLifecycleEventsImpl for mod fabric-lifecycle-events-v1 (key client)
[12:48:22] [main/DEBUG] (FabricLoader/Entrypoint) Registering new-style initializer net.fabricmc.fabric.impl.event.lifecycle.LifecycleEventsImpl for mod fabric-lifecycle-events-v1 (key main)
[12:48:22] [main/DEBUG] (FabricLoader/Entrypoint) Registering new-style initializer net.fabricmc.fabric.impl.networking.client.ClientNetworkingImpl::clientInit for mod fabric-networking-api-v1 (key client)
[12:48:22] [main/DEBUG] (FabricLoader/Entrypoint) Registering new-style initializer net.fabricmc.fabric.impl.networking.CommonPacketsImpl::init for mod fabric-networking-api-v1 (key main)
[12:48:22] [main/DEBUG] (FabricLoader/Entrypoint) Registering new-style initializer net.fabricmc.fabric.impl.networking.NetworkingImpl::init for mod fabric-networking-api-v1 (key main)
[12:48:22] [main/DEBUG] (FabricLoader/Entrypoint) Registering new-style initializer net.fabricmc.fabric.impl.tag.TagInit for mod fabric-tag-api-v1 (key main)
[12:48:22] [main/DEBUG] (FabricLoader/Entrypoint) Registering new-style initializer net.fabricmc.fabric.impl.screenhandler.client.ClientNetworking for mod fabric-screen-handler-api-v1 (key client)
[12:48:22] [main/DEBUG] (FabricLoader/Entrypoint) Registering new-style initializer net.fabricmc.fabric.impl.screenhandler.Networking for mod fabric-screen-handler-api-v1 (key main)
[12:48:22] [main/DEBUG] (FabricLoader/Entrypoint) Registering new-style initializer net.fabricmc.fabric.impl.loot.v2.LootInitializer for mod fabric-loot-api-v2 (key main)
[12:48:22] [main/DEBUG] (FabricLoader/Entrypoint) Registering new-style initializer net.fabricmc.fabric.impl.tag.convention.ConventionLogWarnings for mod fabric-convention-tags-v1 (key main)
[12:48:22] [main/DEBUG] (FabricLoader/Entrypoint) Registering new-style initializer net.fabricmc.fabric.impl.gametest.FabricGameTestModInitializer for mod fabric-gametest-api-v1 (key main)
[12:48:22] [main/INFO] (FabricLoader/Mixin) SpongePowered MIXIN Subsystem Version=0.8.7 Source=file:/home/runner/.gradle/caches/modules-2/files-2.1/net.fabricmc/sponge-mixin/0.16.5+mixin.0.8.7/80fc3a9f592673cea87f4cd702f87991c6c9fe4d/sponge-mixin-0.16.5+mixin.0.8.7.jar Service=Knot/Fabric Env=SERVER
[12:48:22] [main/DEBUG] (FabricLoader/Mixin) Initialising Mixin Platform Manager
[12:48:22] [main/DEBUG] (FabricLoader/Mixin) Adding mixin platform agents for container ContainerHandleURI(file:///home/runner/.gradle/caches/modules-2/files-2.1/net.fabricmc/fabric-loader/0.17.3/deafaba5de4d9bbd76105783ff4e21ce0773874f/fabric-loader-0.17.3.jar)
[12:48:22] [main/DEBUG] (FabricLoader/Mixin) Instancing new MixinPlatformAgentDefault for ContainerHandleURI(file:///home/runner/.gradle/caches/modules-2/files-2.1/net.fabricmc/fabric-loader/0.17.3/deafaba5de4d9bbd76105783ff4e21ce0773874f/fabric-loader-0.17.3.jar)
[12:48:22] [main/DEBUG] (FabricLoader/Mixin) MixinPlatformAgentDefault accepted container ContainerHandleURI(file:///home/runner/.gradle/caches/modules-2/files-2.1/net.fabricmc/fabric-loader/0.17.3/deafaba5de4d9bbd76105783ff4e21ce0773874f/fabric-loader-0.17.3.jar)
[12:48:22] [main/DEBUG] (FabricLoader/Mixin) Instancing new MixinPlatformAgentDefault for ContainerHandleURI(file:///home/runner/.gradle/caches/modules-2/files-2.1/net.fabricmc/fabric-loader/0.17.3/deafaba5de4d9bbd76105783ff4e21ce0773874f/fabric-loader-0.17.3.jar)
[12:48:22] [main/DEBUG] (FabricLoader/Mixin) MixinPlatformAgentDefault accepted container ContainerHandleURI(file:///home/runner/.gradle/caches/modules-2/files-2.1/net.fabricmc/fabric-loader/0.17.3/deafaba5de4d9bbd76105783ff4e21ce0773874f/fabric-loader-0.17.3.jar)
[12:48:22] [main/DEBUG] (FabricLoader/Mixin) Processing prepare() for PlatformAgent[MixinPlatformAgentDefault:ContainerHandleURI(file:///home/runner/.gradle/caches/modules-2/files-2.1/net.fabricmc/fabric-loader/0.17.3/deafaba5de4d9bbd76105783ff4e21ce0773874f/fabric-loader-0.17.3.jar)]
[12:48:22] [main/DEBUG] (FabricLoader/Mixin) Processing prepare() for PlatformAgent[MixinPlatformAgentDefault:ContainerHandleURI(file:///home/runner/.gradle/caches/modules-2/files-2.1/net.fabricmc/fabric-loader/0.17.3/deafaba5de4d9bbd76105783ff4e21ce0773874f/fabric-loader-0.17.3.jar)]
[12:48:22] [main/DEBUG] (FabricLoader/Mappings) Loading mappings took 175.58 ms
[12:48:22] [main/INFO] (FabricLoader/Mixin) Loaded Fabric development mappings for mixin remapper!
[12:48:22] [main/DEBUG] (FabricLoader/Mixin) Compatibility level JAVA_21 specified by modid.mixins.json is higher than the maximum level supported by this version of mixin (JAVA_13).
[12:48:22] [main/INFO] (FabricLoader/Mixin) Compatibility level set to JAVA_21
[12:48:22] [main/DEBUG] (FabricLoader/Mixin) Mixin config modid.mixins.json does not specify "minVersion" or "requiredFeatures" property
[12:48:22] [main/DEBUG] (FabricLoader/Mixin) Mixin config fabric-events-interaction-v0.mixins.json does not specify "minVersion" or "requiredFeatures" property
[12:48:22] [main/DEBUG] (FabricLoader/Mixin) Mixin config fabric-particles-v1.mixins.json does not specify "minVersion" or "requiredFeatures" property
[12:48:22] [main/DEBUG] (FabricLoader/Mixin) Mixin config fabric-registry-sync-v0.mixins.json does not specify "minVersion" or "requiredFeatures" property
[12:48:22] [main/DEBUG] (FabricLoader/Mixin) Mixin config fabric-convention-tags-api-v2.mixins.json does not specify "minVersion" or "requiredFeatures" property
[12:48:22] [main/DEBUG] (FabricLoader/Mixin) Mixin config fabric-item-group-api-v1.mixins.json does not specify "minVersion" or "requiredFeatures" property
[12:48:22] [main/DEBUG] (FabricLoader/Mixin) Mixin config fabric-api-lookup-api-v1.mixins.json does not specify "minVersion" or "requiredFeatures" property
[12:48:22] [main/DEBUG] (FabricLoader/Mixin) Mixin config fabric-content-registries-v0.mixins.json does not specify "minVersion" or "requiredFeatures" property
[12:48:22] [main/DEBUG] (FabricLoader/Mixin) Mixin config fabric-serialization-api-v1.mixins.json does not specify "minVersion" or "requiredFeatures" property
[12:48:22] [main/DEBUG] (FabricLoader/Mixin) Mixin config fabric-recipe-api-v1.mixins.json does not specify "minVersion" or "requiredFeatures" property
[12:48:22] [main/DEBUG] (FabricLoader/Mixin) Mixin config fabric-resource-conditions-api-v1.mixins.json does not specify "minVersion" or "requiredFeatures" property
[12:48:22] [main/DEBUG] (FabricLoader/Mixin) Mixin config fabric-data-attachment-api-v1.mixins.json does not specify "minVersion" or "requiredFeatures" property
[12:48:22] [main/DEBUG] (FabricLoader/Mixin) Mixin config fabric-item-api-v1.mixins.json does not specify "minVersion" or "requiredFeatures" property
[12:48:22] [main/DEBUG] (FabricLoader/Mixin) Mixin config fabric-lifecycle-events-v1.mixins.json does not specify "minVersion" or "requiredFeatures" property
[12:48:22] [main/DEBUG] (FabricLoader/Mixin) Mixin config fabric-data-generation-api-v1.mixins.json does not specify "minVersion" or "requiredFeatures" property
[12:48:22] [main/DEBUG] (FabricLoader/Mixin) Mixin config fabric-loot-api-v3.mixins.json does not specify "minVersion" or "requiredFeatures" property
[12:48:22] [main/DEBUG] (FabricLoader/Mixin) Mixin config fabric-command-api-v2.mixins.json does not specify "minVersion" or "requiredFeatures" property
[12:48:22] [main/DEBUG] (FabricLoader/Mixin) Mixin config fabric-transfer-api-v1.mixins.json does not specify "minVersion" or "requiredFeatures" property
[12:48:22] [main/DEBUG] (FabricLoader/Mixin) Mixin config fabric-networking-api-v1.mixins.json does not specify "minVersion" or "requiredFeatures" property
[12:48:22] [main/DEBUG] (FabricLoader/Mixin) Mixin config fabric-block-api-v1.mixins.json does not specify "minVersion" or "requiredFeatures" property
[12:48:22] [main/DEBUG] (FabricLoader/Mixin) Mixin config fabric-tag-api-v1.mixins.json does not specify "minVersion" or "requiredFeatures" property
[12:48:22] [main/DEBUG] (FabricLoader/Mixin) Mixin config fabric-dimensions-v1.mixins.json does not specify "minVersion" or "requiredFeatures" property
[12:48:22] [main/DEBUG] (FabricLoader/Mixin) Mixin config fabric-screen-handler-api-v1.mixins.json does not specify "minVersion" or "requiredFeatures" property
[12:48:22] [main/DEBUG] (FabricLoader/Mixin) Mixin config fabric-loot-api-v2.mixins.json does not specify "minVersion" or "requiredFeatures" property
[12:48:22] [main/DEBUG] (FabricLoader/Mixin) Mixin config fabric-biome-api-v1.mixins.json does not specify "minVersion" or "requiredFeatures" property
[12:48:22] [main/DEBUG] (FabricLoader/Mixin) Mixin config fabric-resource-loader-v0.mixins.json does not specify "minVersion" or "requiredFeatures" property
[12:48:22] [main/DEBUG] (FabricLoader/Mixin) Mixin config fabric-block-view-api-v2.mixins.json does not specify "minVersion" or "requiredFeatures" property
[12:48:22] [main/DEBUG] (FabricLoader/Mixin) Mixin config fabric-object-builder-v1.mixins.json does not specify "minVersion" or "requiredFeatures" property
[12:48:22] [main/DEBUG] (FabricLoader/Mixin) Mixin config fabric-crash-report-info-v1.mixins.json does not specify "minVersion" or "requiredFeatures" property
[12:48:22] [main/DEBUG] (FabricLoader/Mixin) Mixin config fabric-resource-loader-v1.mixins.json does not specify "minVersion" or "requiredFeatures" property
[12:48:22] [main/DEBUG] (FabricLoader/Mixin) Mixin config fabric-game-rule-api-v1.mixins.json does not specify "minVersion" or "requiredFeatures" property
[12:48:22] [main/DEBUG] (FabricLoader/Mixin) Mixin config fabric-entity-events-v1.mixins.json does not specify "minVersion" or "requiredFeatures" property
[12:48:22] [main/DEBUG] (FabricLoader/Mixin) Mixin config fabric-gametest-api-v1.mixins.json does not specify "minVersion" or "requiredFeatures" property
[12:48:22] [main/DEBUG] (FabricLoader/Mixin) Mixin config fabric-message-api-v1.mixins.json does not specify "minVersion" or "requiredFeatures" property
[12:48:22] [main/DEBUG] (FabricLoader/Knot) Adding /home/runner/work/server/server/.gradle/loom-cache/minecraftMaven/net/minecraft/minecraft-common-42d054c137/1.21.10-loom.mappings.1_21_10.layered+hash.2198-v2/minecraft-common-42d054c137-1.21.10-loom.mappings.1_21_10.layered+hash.2198-v2.jar to classpath.
[12:48:22] [main/DEBUG] (FabricLoader/Knot) Adding /home/runner/work/server/server/build/classes/java/main to classpath.
[12:48:22] [main/DEBUG] (FabricLoader/Knot) Adding /home/runner/work/server/server/build/resources/main to classpath.
[12:48:22] [main/DEBUG] (FabricLoader/Knot) Adding /home/runner/.gradle/caches/fabric-loom/1.21.10/loom.mappings.1_21_10.layered+hash.2198-v2/mappings.jar to classpath.
[12:48:22] [main/DEBUG] (FabricLoader/Knot) Adding /home/runner/.gradle/caches/modules-2/files-2.1/io.github.llamalad7/mixinextras-fabric/0.5.0/91a83dfb7abd320f6236bd1fcf5c0ff143d59a13/mixinextras-fabric-0.5.0.jar to classpath.
[12:48:22] [main/DEBUG] (FabricLoader/Knot) Adding /home/runner/.gradle/caches/modules-2/files-2.1/net.fabricmc/dev-launch-injector/0.2.1+build.8/da8bef7e6e2f952da707f282bdb46882a0fce5e3/dev-launch-injector-0.2.1+build.8.jar to classpath.
[12:48:22] [main/DEBUG] (FabricLoader/Knot) Adding /home/runner/.gradle/caches/modules-2/files-2.1/com.fasterxml.jackson.core/jackson-annotations/2.13.4/858c6cc78e1f08a885b1613e1d817c829df70a6e/jackson-annotations-2.13.4.jar to classpath.
[12:48:22] [main/DEBUG] (FabricLoader/Knot) Adding /home/runner/.gradle/caches/modules-2/files-2.1/com.fasterxml.jackson.core/jackson-core/2.13.4/cf934c681294b97ef6d80082faeefbe1edadf56/jackson-core-2.13.4.jar to classpath.
[12:48:22] [main/DEBUG] (FabricLoader/Knot) Adding /home/runner/.gradle/caches/modules-2/files-2.1/com.fasterxml.jackson.core/jackson-databind/2.13.4.2/325c06bdfeb628cfb80ebaaf1a26cc1eb558a585/jackson-databind-2.13.4.2.jar to classpath.
[12:48:22] [main/DEBUG] (FabricLoader/Knot) Adding /home/runner/.gradle/caches/modules-2/files-2.1/com.github.oshi/oshi-core/6.6.5/e1099981fd15dc4236c4499d82aba1276fb43a9a/oshi-core-6.6.5.jar to classpath.
[12:48:22] [main/DEBUG] (FabricLoader/Knot) Adding /home/runner/.gradle/caches/modules-2/files-2.1/com.github.stephenc.jcip/jcip-annotations/1.0-1/ef31541dd28ae2cefdd17c7ebf352d93e9058c63/jcip-annotations-1.0-1.jar to classpath.
[12:48:22] [main/DEBUG] (FabricLoader/Knot) Adding /home/runner/.gradle/caches/modules-2/files-2.1/com.google.guava/failureaccess/1.0.2/c4a06a64e650562f30b7bf9aaec1bfed43aca12b/failureaccess-1.0.2.jar to classpath.
[12:48:22] [main/DEBUG] (FabricLoader/Knot) Adding /home/runner/.gradle/caches/modules-2/files-2.1/com.google.guava/guava/33.3.1-jre/852f8b363da0111e819460021ca693cacca3e8db/guava-33.3.1-jre.jar to classpath.
[12:48:22] [main/DEBUG] (FabricLoader/Knot) Adding /home/runner/.gradle/caches/modules-2/files-2.1/com.microsoft.azure/msal4j/1.17.2/a6211e3d71d0388929babaa0ff0951b30d001852/msal4j-1.17.2.jar to classpath.
[12:48:22] [main/DEBUG] (FabricLoader/Knot) Adding /home/runner/.gradle/caches/modules-2/files-2.1/com.mojang/brigadier/1.3.10/d15b53a14cf20fdcaa98f731af5dda654452c010/brigadier-1.3.10.jar to classpath.
[12:48:22] [main/DEBUG] (FabricLoader/Knot) Adding /home/runner/.gradle/caches/modules-2/files-2.1/com.mojang/datafixerupper/8.0.16/67d4de6d7f95d89bcf5862995fb854ebaec02a34/datafixerupper-8.0.16.jar to classpath.
[12:48:22] [main/DEBUG] (FabricLoader/Knot) Adding /home/runner/.gradle/caches/modules-2/files-2.1/com.mojang/jtracy/1.0.36/20a63d06b621bfeb3cb21ef51b7fa40c0fc22021/jtracy-1.0.36.jar to classpath.
[12:48:22] [main/DEBUG] (FabricLoader/Knot) Adding /home/runner/.gradle/caches/modules-2/files-2.1/com.mojang/jtracy/1.0.36/8f2967c139b024bf80024a3eab63e906c3ee2e5b/jtracy-1.0.36-natives-linux.jar to classpath.
[12:48:22] [main/DEBUG] (FabricLoader/Knot) Adding /home/runner/.gradle/caches/modules-2/files-2.1/com.nimbusds/content-type/2.3/e3aa0be212d7a42839a8f3f506f5b990bcce0222/content-type-2.3.jar to classpath.
[12:48:22] [main/DEBUG] (FabricLoader/Knot) Adding /home/runner/.gradle/caches/modules-2/files-2.1/com.nimbusds/lang-tag/1.7/97c73ecd70bc7e8eefb26c5eea84f251a63f1031/lang-tag-1.7.jar to classpath.
[12:48:22] [main/DEBUG] (FabricLoader/Knot) Adding /home/runner/.gradle/caches/modules-2/files-2.1/com.nimbusds/nimbus-jose-jwt/9.40/42b1dfa0360e4062951b070bac52dd8d96fd7b38/nimbus-jose-jwt-9.40.jar to classpath.
[12:48:22] [main/DEBUG] (FabricLoader/Knot) Adding /home/runner/.gradle/caches/modules-2/files-2.1/com.nimbusds/oauth2-oidc-sdk/11.18/7c7ec4f4066625ff07a711ad856fa04da1ff9de/oauth2-oidc-sdk-11.18.jar to classpath.
[12:48:22] [main/DEBUG] (FabricLoader/Knot) Adding /home/runner/.gradle/caches/modules-2/files-2.1/commons-io/commons-io/2.17.0/ddcc8433eb019fb48fe25207c0278143f3e1d7e2/commons-io-2.17.0.jar to classpath.
[12:48:22] [main/DEBUG] (FabricLoader/Knot) Adding /home/runner/.gradle/caches/modules-2/files-2.1/io.netty/netty-buffer/4.1.118.Final/7022990af1e0d449f9d5322035899745e19735c5/netty-buffer-4.1.118.Final.jar to classpath.
[12:48:22] [main/DEBUG] (FabricLoader/Knot) Adding /home/runner/.gradle/caches/modules-2/files-2.1/io.netty/netty-codec-http/4.1.118.Final/eda08a71294afe78c779b85fd696bc13491507a8/netty-codec-http-4.1.118.Final.jar to classpath.
[12:48:22] [main/DEBUG] (FabricLoader/Knot) Adding /home/runner/.gradle/caches/modules-2/files-2.1/io.netty/netty-codec/4.1.118.Final/307f665c08ce57333121de4f460479fc0c3c94d4/netty-codec-4.1.118.Final.jar to classpath.
[12:48:22] [main/DEBUG] (FabricLoader/Knot) Adding /home/runner/.gradle/caches/modules-2/files-2.1/io.netty/netty-common/4.1.118.Final/4bb0f9899146484fa89f7b9bc27389d5b8e2ecde/netty-common-4.1.118.Final.jar to classpath.
[12:48:22] [main/DEBUG] (FabricLoader/Knot) Adding /home/runner/.gradle/caches/modules-2/files-2.1/io.netty/netty-handler/4.1.118.Final/30ebb05b6b0fb071dbfcf713017c4a767a97bb9b/netty-handler-4.1.118.Final.jar to classpath.
[12:48:22] [main/DEBUG] (FabricLoader/Knot) Adding /home/runner/.gradle/caches/modules-2/files-2.1/io.netty/netty-resolver/4.1.118.Final/28c378c19c1779eca1104b400452627f3ebc4aea/netty-resolver-4.1.118.Final.jar to classpath.
[12:48:22] [main/DEBUG] (FabricLoader/Knot) Adding /home/runner/.gradle/caches/modules-2/files-2.1/io.netty/netty-transport-classes-epoll/4.1.118.Final/376ce95507066f0e755d97c1c8bcd6c33f657617/netty-transport-classes-epoll-4.1.118.Final.jar to classpath.
[12:48:22] [main/DEBUG] (FabricLoader/Knot) Adding /home/runner/.gradle/caches/modules-2/files-2.1/io.netty/netty-transport-native-epoll/4.1.118.Final/82f94d0a9d837f6b6a580379373310ff7288c0f8/netty-transport-native-epoll-4.1.118.Final-linux-aarch_64.jar to classpath.
[12:48:22] [main/DEBUG] (FabricLoader/Knot) Adding /home/runner/.gradle/caches/modules-2/files-2.1/io.netty/netty-transport-native-epoll/4.1.118.Final/7e6b89e3746acb7cf6f0aad993bbd058fc6d912e/netty-transport-native-epoll-4.1.118.Final-linux-x86_64.jar to classpath.
[12:48:22] [main/DEBUG] (FabricLoader/Knot) Adding /home/runner/.gradle/caches/modules-2/files-2.1/io.netty/netty-transport-native-unix-common/4.1.118.Final/9da25a94e6a0edac90da0bc7894e5a54efcb866b/netty-transport-native-unix-common-4.1.118.Final.jar to classpath.
[12:48:22] [main/DEBUG] (FabricLoader/Knot) Adding /home/runner/.gradle/caches/modules-2/files-2.1/io.netty/netty-transport/4.1.118.Final/5a27232e5d08218722d94ca14f0b1b4576e7711c/netty-transport-4.1.118.Final.jar to classpath.
[12:48:22] [main/DEBUG] (FabricLoader/Knot) Adding /home/runner/.gradle/caches/modules-2/files-2.1/it.unimi.dsi/fastutil/8.5.15/1e885b40c9563ab0d3899b871fd0b30e958705dc/fastutil-8.5.15.jar to classpath.
[12:48:22] [main/DEBUG] (FabricLoader/Knot) Adding /home/runner/.gradle/caches/modules-2/files-2.1/net.java.dev.jna/jna-platform/5.15.0/86b502cad57d45da172b5e3231c537b042e296ef/jna-platform-5.15.0.jar to classpath.
[12:48:22] [main/DEBUG] (FabricLoader/Knot) Adding /home/runner/.gradle/caches/modules-2/files-2.1/net.java.dev.jna/jna/5.15.0/1ee1d80ff44f08280188f7c0e740d57207841ac/jna-5.15.0.jar to classpath.
[12:48:22] [main/DEBUG] (FabricLoader/Knot) Adding /home/runner/.gradle/caches/modules-2/files-2.1/net.minidev/accessors-smart/2.5.1/19b820261eb2e7de7d5bde11d1c06e4501dd7e5f/accessors-smart-2.5.1.jar to classpath.
[12:48:22] [main/DEBUG] (FabricLoader/Knot) Adding /home/runner/.gradle/caches/modules-2/files-2.1/net.minidev/json-smart/2.5.1/4c11d2808d009132dfbbf947ebf37de6bf266c8e/json-smart-2.5.1.jar to classpath.
[12:48:22] [main/DEBUG] (FabricLoader/Knot) Adding /home/runner/.gradle/caches/modules-2/files-2.1/net.sf.jopt-simple/jopt-simple/5.0.4/4fdac2fbe92dfad86aa6e9301736f6b4342a3f5c/jopt-simple-5.0.4.jar to classpath.
[12:48:22] [main/DEBUG] (FabricLoader/Knot) Adding /home/runner/.gradle/caches/modules-2/files-2.1/org.apache.commons/commons-lang3/3.17.0/b17d2136f0460dcc0d2016ceefca8723bdf4ee70/commons-lang3-3.17.0.jar to classpath.
[12:48:22] [main/DEBUG] (FabricLoader/Knot) Adding /home/runner/.gradle/caches/modules-2/files-2.1/org.joml/joml/1.10.8/fc0a71dad90a2cf41d82a76156a0e700af8e4f8d/joml-1.10.8.jar to classpath.
[12:48:22] [main/DEBUG] (FabricLoader/Knot) Adding /home/runner/.gradle/caches/modules-2/files-2.1/org.lwjgl/lwjgl-freetype/3.3.3/149070a5480900347071b7074779531f25a6e3dc/lwjgl-freetype-3.3.3-natives-linux.jar to classpath.
[12:48:22] [main/DEBUG] (FabricLoader/Knot) Adding /home/runner/.gradle/caches/modules-2/files-2.1/org.lwjgl/lwjgl-glfw/3.3.3/a03684c5e4b1b1dbbe0d29dbbdc27b985b6840f2/lwjgl-glfw-3.3.3-natives-linux.jar to classpath.
[12:48:22] [main/DEBUG] (FabricLoader/Knot) Adding /home/runner/.gradle/caches/modules-2/files-2.1/org.lwjgl/lwjgl-jemalloc/3.3.3/4f86728bf449b1dd61251c4e0ac01df1389cb51e/lwjgl-jemalloc-3.3.3-natives-linux.jar to classpath.
[12:48:22] [main/DEBUG] (FabricLoader/Knot) Adding /home/runner/.gradle/caches/modules-2/files-2.1/org.lwjgl/lwjgl-openal/3.3.3/3037360cc4595079bea240af250b6d1a527e0905/lwjgl-openal-3.3.3-natives-linux.jar to classpath.
[12:48:22] [main/DEBUG] (FabricLoader/Knot) Adding /home/runner/.gradle/caches/modules-2/files-2.1/org.lwjgl/lwjgl-opengl/3.3.3/62c70a4b00ca5391882b0f4b787c1588d24f1c86/lwjgl-opengl-3.3.3-natives-linux.jar to classpath.
[12:48:22] [main/DEBUG] (FabricLoader/Knot) Adding /home/runner/.gradle/caches/modules-2/files-2.1/org.lwjgl/lwjgl-stb/3.3.3/fd1271ccd9d85eff2fa31f3fd543e02ccfaf5041/lwjgl-stb-3.3.3-natives-linux.jar to classpath.
[12:48:22] [main/DEBUG] (FabricLoader/Knot) Adding /home/runner/.gradle/caches/modules-2/files-2.1/org.lwjgl/lwjgl-tinyfd/3.3.3/d8d58daa0c3e5fd906fee96f5fddbcbc07cc308b/lwjgl-tinyfd-3.3.3-natives-linux.jar to classpath.
[12:48:22] [main/DEBUG] (FabricLoader/Knot) Adding /home/runner/.gradle/caches/modules-2/files-2.1/org.lwjgl/lwjgl/3.3.3/1713758e3660ba66e1e954396fd18126038b33c0/lwjgl-3.3.3-natives-linux.jar to classpath.
[12:48:22] [main/DEBUG] (FabricLoader/Knot) Adding /home/runner/.gradle/caches/modules-2/files-2.1/org.lz4/lz4-java/1.8.0/4b986a99445e49ea5fbf5d149c4b63f6ed6c6780/lz4-java-1.8.0.jar to classpath.
[12:48:22] [main/DEBUG] (FabricLoader/Knot) Adding /home/runner/work/server/server/.gradle/loom-cache/minecraftMaven/net/minecraft/minecraft-common-42d054c137/1.21.10-loom.mappings.1_21_10.layered+hash.2198-v2/minecraft-common-42d054c137-1.21.10-loom.mappings.1_21_10.layered+hash.2198-v2.jar to classpath.
[12:48:22] [main/DEBUG] (FabricLoader/Knot) Adding /home/runner/work/server/server/.gradle/loom-cache/remapped_mods/remapped/net/fabricmc/fabric-api/fabric-api-e9493de5-common/0.136.0+1.21.10/fabric-api-e9493de5-common-0.136.0+1.21.10.jar to classpath.
[12:48:22] [main/DEBUG] (FabricLoader/Knot) Adding /home/runner/work/server/server/.gradle/loom-cache/remapped_mods/remapped/net/fabricmc/fabric-api/fabric-transfer-api-v1-e9493de5-common/6.0.15+79ec2c126f/fabric-transfer-api-v1-e9493de5-common-6.0.15+79ec2c126f.jar to classpath.
[12:48:22] [main/DEBUG] (FabricLoader/Knot) Adding /home/runner/work/server/server/.gradle/loom-cache/remapped_mods/remapped/net/fabricmc/fabric-api/fabric-api-lookup-api-v1-e9493de5-common/1.6.106+d17682156f/fabric-api-lookup-api-v1-e9493de5-common-1.6.106+d17682156f.jar to classpath.
[12:48:22] [main/DEBUG] (FabricLoader/Knot) Adding /home/runner/work/server/server/.gradle/loom-cache/remapped_mods/remapped/net/fabricmc/fabric-api/fabric-command-api-v2-e9493de5-common/2.4.0+c0ab2d5d6f/fabric-command-api-v2-e9493de5-common-2.4.0+c0ab2d5d6f.jar to classpath.
[12:48:22] [main/DEBUG] (FabricLoader/Knot) Adding /home/runner/work/server/server/.gradle/loom-cache/remapped_mods/remapped/net/fabricmc/fabric-api/fabric-content-registries-v0-e9493de5-common/10.2.4+b6a242646f/fabric-content-registries-v0-e9493de5-common-10.2.4+b6a242646f.jar to classpath.
[12:48:22] [main/DEBUG] (FabricLoader/Knot) Adding /home/runner/work/server/server/.gradle/loom-cache/remapped_mods/remapped/net/fabricmc/fabric-api/fabric-data-generation-api-v1-e9493de5-common/23.2.24+d8b85ef16f/fabric-data-generation-api-v1-e9493de5-common-23.2.24+d8b85ef16f.jar to classpath.
[12:48:22] [main/DEBUG] (FabricLoader/Knot) Adding /home/runner/work/server/server/.gradle/loom-cache/remapped_mods/remapped/net/fabricmc/fabric-api/fabric-convention-tags-v1-e9493de5-common/2.1.48+7f945d5b6f/fabric-convention-tags-v1-e9493de5-common-2.1.48+7f945d5b6f.jar to classpath.
[12:48:22] [main/DEBUG] (FabricLoader/Knot) Adding /home/runner/work/server/server/.gradle/loom-cache/remapped_mods/remapped/net/fabricmc/fabric-api/fabric-convention-tags-v2-e9493de5-common/2.16.0+552403eb6f/fabric-convention-tags-v2-e9493de5-common-2.16.0+552403eb6f.jar to classpath.
[12:48:22] [main/DEBUG] (FabricLoader/Knot) Adding /home/runner/work/server/server/.gradle/loom-cache/remapped_mods/remapped/net/fabricmc/fabric-api/fabric-data-attachment-api-v1-e9493de5-common/1.8.30+68e881bd6f/fabric-data-attachment-api-v1-e9493de5-common-1.8.30+68e881bd6f.jar to classpath.
[12:48:22] [main/DEBUG] (FabricLoader/Knot) Adding /home/runner/work/server/server/.gradle/loom-cache/remapped_mods/remapped/net/fabricmc/fabric-api/fabric-entity-events-v1-e9493de5-common/2.1.13+fde3702c6f/fabric-entity-events-v1-e9493de5-common-2.1.13+fde3702c6f.jar to classpath.
[12:48:22] [main/DEBUG] (FabricLoader/Knot) Adding /home/runner/work/server/server/.gradle/loom-cache/remapped_mods/remapped/net/fabricmc/fabric-api/fabric-events-interaction-v0-e9493de5-common/4.0.36+5ba217126f/fabric-events-interaction-v0-e9493de5-common-4.0.36+5ba217126f.jar to classpath.
[12:48:22] [main/DEBUG] (FabricLoader/Knot) Adding /home/runner/work/server/server/.gradle/loom-cache/remapped_mods/remapped/net/fabricmc/fabric-api/fabric-gametest-api-v1-e9493de5-common/3.1.19+33df5e6e6f/fabric-gametest-api-v1-e9493de5-common-3.1.19+33df5e6e6f.jar to classpath.
[12:48:22] [main/DEBUG] (FabricLoader/Knot) Adding /home/runner/work/server/server/.gradle/loom-cache/remapped_mods/remapped/net/fabricmc/fabric-api/fabric-item-api-v1-e9493de5-common/11.5.9+9bce411b6f/fabric-item-api-v1-e9493de5-common-11.5.9+9bce411b6f.jar to classpath.
[12:48:22] [main/DEBUG] (FabricLoader/Knot) Adding /home/runner/work/server/server/.gradle/loom-cache/remapped_mods/remapped/net/fabricmc/fabric-api/fabric-item-group-api-v1-e9493de5-common/4.2.25+86b3ae576f/fabric-item-group-api-v1-e9493de5-common-4.2.25+86b3ae576f.jar to classpath.
[12:48:22] [main/DEBUG] (FabricLoader/Knot) Adding /home/runner/work/server/server/.gradle/loom-cache/remapped_mods/remapped/net/fabricmc/fabric-api/fabric-lifecycle-events-v1-e9493de5-common/2.6.9+33df5e6e6f/fabric-lifecycle-events-v1-e9493de5-common-2.6.9+33df5e6e6f.jar to classpath.
[12:48:22] [main/DEBUG] (FabricLoader/Knot) Adding /home/runner/work/server/server/.gradle/loom-cache/remapped_mods/remapped/net/fabricmc/fabric-api/fabric-loot-api-v2-e9493de5-common/3.0.65+3f89f5a56f/fabric-loot-api-v2-e9493de5-common-3.0.65+3f89f5a56f.jar to classpath.
[12:48:22] [main/DEBUG] (FabricLoader/Knot) Adding /home/runner/work/server/server/.gradle/loom-cache/remapped_mods/remapped/net/fabricmc/fabric-api/fabric-loot-api-v3-e9493de5-common/2.0.12+d17682156f/fabric-loot-api-v3-e9493de5-common-2.0.12+d17682156f.jar to classpath.
[12:48:22] [main/DEBUG] (FabricLoader/Knot) Adding /home/runner/work/server/server/.gradle/loom-cache/remapped_mods/remapped/net/fabricmc/fabric-api/fabric-message-api-v1-e9493de5-common/6.1.7+3154c1c86f/fabric-message-api-v1-e9493de5-common-6.1.7+3154c1c86f.jar to classpath.
[12:48:22] [main/DEBUG] (FabricLoader/Knot) Adding /home/runner/work/server/server/.gradle/loom-cache/remapped_mods/remapped/net/fabricmc/fabric-api/fabric-particles-v1-e9493de5-common/4.2.3+a0ee59a46f/fabric-particles-v1-e9493de5-common-4.2.3+a0ee59a46f.jar to classpath.
[12:48:22] [main/DEBUG] (FabricLoader/Knot) Adding /home/runner/work/server/server/.gradle/loom-cache/remapped_mods/remapped/net/fabricmc/fabric-api/fabric-recipe-api-v1-e9493de5-common/8.1.27+d17682156f/fabric-recipe-api-v1-e9493de5-common-8.1.27+d17682156f.jar to classpath.
[12:48:22] [main/DEBUG] (FabricLoader/Knot) Adding /home/runner/work/server/server/.gradle/loom-cache/remapped_mods/remapped/net/fabricmc/fabric-api/fabric-object-builder-api-v1-e9493de5-common/21.1.26+9bce411b6f/fabric-object-builder-api-v1-e9493de5-common-21.1.26+9bce411b6f.jar to classpath.
[12:48:22] [main/DEBUG] (FabricLoader/Knot) Adding /home/runner/work/server/server/.gradle/loom-cache/remapped_mods/remapped/net/fabricmc/fabric-api/fabric-screen-handler-api-v1-e9493de5-common/1.3.151+d17682156f/fabric-screen-handler-api-v1-e9493de5-common-1.3.151+d17682156f.jar to classpath.
[12:48:22] [main/DEBUG] (FabricLoader/Knot) Adding /home/runner/work/server/server/.gradle/loom-cache/remapped_mods/remapped/net/fabricmc/fabric-api/fabric-registry-sync-v0-e9493de5-common/6.1.42+679c8c5c6f/fabric-registry-sync-v0-e9493de5-common-6.1.42+679c8c5c6f.jar to classpath.
[12:48:22] [main/DEBUG] (FabricLoader/Knot) Adding /home/runner/work/server/server/.gradle/loom-cache/remapped_mods/remapped/net/fabricmc/fabric-api/fabric-networking-api-v1-e9493de5-common/5.1.0+b095d8db6f/fabric-networking-api-v1-e9493de5-common-5.1.0+b095d8db6f.jar to classpath.
[12:48:22] [main/DEBUG] (FabricLoader/Knot) Adding /home/runner/work/server/server/.gradle/loom-cache/remapped_mods/remapped/net/fabricmc/fabric-api/fabric-rendering-fluids-v1-e9493de5-common/3.1.38+86b3ae576f/fabric-rendering-fluids-v1-e9493de5-common-3.1.38+86b3ae576f.jar to classpath.
[12:48:22] [main/DEBUG] (FabricLoader/Knot) Adding /home/runner/work/server/server/.gradle/loom-cache/remapped_mods/remapped/net/fabricmc/fabric-api/fabric-tag-api-v1-e9493de5-common/1.2.11+2fa446b26f/fabric-tag-api-v1-e9493de5-common-1.2.11+2fa446b26f.jar to classpath.
[12:48:22] [main/DEBUG] (FabricLoader/Knot) Adding /home/runner/work/server/server/.gradle/loom-cache/remapped_mods/remapped/net/fabricmc/fabric-api/fabric-resource-loader-v0-e9493de5-common/3.2.3+3388a3b26f/fabric-resource-loader-v0-e9493de5-common-3.2.3+3388a3b26f.jar to classpath.
[12:48:22] [main/DEBUG] (FabricLoader/Knot) Adding /home/runner/work/server/server/.gradle/loom-cache/remapped_mods/remapped/net/fabricmc/fabric-api/fabric-resource-loader-v1-e9493de5-common/1.0.3+8cc86c156f/fabric-resource-loader-v1-e9493de5-common-1.0.3+8cc86c156f.jar to classpath.
[12:48:22] [main/DEBUG] (FabricLoader/Knot) Adding /home/runner/work/server/server/.gradle/loom-cache/remapped_mods/remapped/net/fabricmc/fabric-api/fabric-api-base-e9493de5-common/1.0.0+14b92d896f/fabric-api-base-e9493de5-common-1.0.0+14b92d896f.jar to classpath.
[12:48:22] [main/DEBUG] (FabricLoader/Knot) Adding /home/runner/work/server/server/.gradle/loom-cache/remapped_mods/remapped/net/fabricmc/fabric-api/fabric-biome-api-v1-e9493de5-common/16.1.0+c2417d4f6f/fabric-biome-api-v1-e9493de5-common-16.1.0+c2417d4f6f.jar to classpath.
[12:48:22] [main/DEBUG] (FabricLoader/Knot) Adding /home/runner/work/server/server/.gradle/loom-cache/remapped_mods/remapped/net/fabricmc/fabric-api/fabric-block-api-v1-e9493de5-common/1.1.5+d17682156f/fabric-block-api-v1-e9493de5-common-1.1.5+d17682156f.jar to classpath.
[12:48:22] [main/DEBUG] (FabricLoader/Knot) Adding /home/runner/work/server/server/.gradle/loom-cache/remapped_mods/remapped/net/fabricmc/fabric-api/fabric-block-view-api-v2-e9493de5-common/1.0.34+e4fd1b926f/fabric-block-view-api-v2-e9493de5-common-1.0.34+e4fd1b926f.jar to classpath.
[12:48:22] [main/DEBUG] (FabricLoader/Knot) Adding /home/runner/work/server/server/.gradle/loom-cache/remapped_mods/remapped/net/fabricmc/fabric-api/fabric-crash-report-info-v1-e9493de5-common/0.3.18+33df5e6e6f/fabric-crash-report-info-v1-e9493de5-common-0.3.18+33df5e6e6f.jar to classpath.
[12:48:22] [main/DEBUG] (FabricLoader/Knot) Adding /home/runner/work/server/server/.gradle/loom-cache/remapped_mods/remapped/net/fabricmc/fabric-api/fabric-dimensions-v1-e9493de5-common/4.0.22+38b9cc196f/fabric-dimensions-v1-e9493de5-common-4.0.22+38b9cc196f.jar to classpath.
[12:48:22] [main/DEBUG] (FabricLoader/Knot) Adding /home/runner/work/server/server/.gradle/loom-cache/remapped_mods/remapped/net/fabricmc/fabric-api/fabric-game-rule-api-v1-e9493de5-common/1.1.1+e47eaae56f/fabric-game-rule-api-v1-e9493de5-common-1.1.1+e47eaae56f.jar to classpath.
[12:48:22] [main/DEBUG] (FabricLoader/Knot) Adding /home/runner/work/server/server/.gradle/loom-cache/remapped_mods/remapped/net/fabricmc/fabric-api/fabric-resource-conditions-api-v1-e9493de5-common/5.0.28+33df5e6e6f/fabric-resource-conditions-api-v1-e9493de5-common-5.0.28+33df5e6e6f.jar to classpath.
[12:48:22] [main/DEBUG] (FabricLoader/Knot) Adding /home/runner/work/server/server/.gradle/loom-cache/remapped_mods/remapped/net/fabricmc/fabric-api/fabric-serialization-api-v1-e9493de5-common/1.0.0+d857c9766f/fabric-serialization-api-v1-e9493de5-common-1.0.0+d857c9766f.jar to classpath.
[12:48:22] [main/DEBUG] (FabricLoader/Knot) Adding /home/runner/work/server/server/.gradle/loom-cache/remapped_mods/remapped/net/fabricmc/fabric-api/fabric-transitive-access-wideners-v1-e9493de5-common/6.5.3+41eb43436f/fabric-transitive-access-wideners-v1-e9493de5-common-6.5.3+41eb43436f.jar to classpath.
[12:48:22] [main/DEBUG] (FabricLoader/Entrypoint) No subscribers for entrypoint 'preLaunch'
[12:48:22] [main/DEBUG] (FabricLoader/Mixin) Preparing mixins for MixinEnvironment[DEFAULT]
[12:48:22] [main/DEBUG] (FabricLoader/Mixin) Selecting config modid.mixins.json
[12:48:22] [main/DEBUG] (FabricLoader/Mixin) Selecting config fabric-events-interaction-v0.mixins.json
[12:48:22] [main/DEBUG] (FabricLoader/Mixin) Selecting config fabric-particles-v1.mixins.json
[12:48:22] [main/DEBUG] (FabricLoader/Mixin) Selecting config fabric-registry-sync-v0.mixins.json
[12:48:22] [main/DEBUG] (FabricLoader/Mixin) Selecting config fabric-convention-tags-api-v2.mixins.json
[12:48:22] [main/DEBUG] (FabricLoader/Mixin) Selecting config fabric-item-group-api-v1.mixins.json
[12:48:22] [main/DEBUG] (FabricLoader/Mixin) Selecting config fabric-api-lookup-api-v1.mixins.json
[12:48:22] [main/DEBUG] (FabricLoader/Mixin) Selecting config fabric-content-registries-v0.mixins.json
[12:48:22] [main/DEBUG] (FabricLoader/Mixin) Selecting config fabric-serialization-api-v1.mixins.json
[12:48:22] [main/DEBUG] (FabricLoader/Mixin) Selecting config fabric-recipe-api-v1.mixins.json
[12:48:22] [main/DEBUG] (FabricLoader/Mixin) Selecting config fabric-resource-conditions-api-v1.mixins.json
[12:48:22] [main/DEBUG] (FabricLoader/Mixin) Selecting config fabric-data-attachment-api-v1.mixins.json
[12:48:22] [main/DEBUG] (FabricLoader/Mixin) Selecting config fabric-item-api-v1.mixins.json
[12:48:22] [main/DEBUG] (FabricLoader/Mixin) Selecting config fabric-lifecycle-events-v1.mixins.json
[12:48:22] [main/DEBUG] (FabricLoader/Mixin) Selecting config fabric-data-generation-api-v1.mixins.json
[12:48:22] [main/DEBUG] (FabricLoader/Mixin) Selecting config mixinextras.init.mixins.json
[12:48:22] [main/DEBUG] (FabricLoader/MixinExtras|Service) com.llamalad7.mixinextras.service.MixinExtrasServiceImpl(version=0.5.0) is taking over from null
[12:48:22] [main/DEBUG] (FabricLoader/Mixin) Registering new injector for @Inject with org.spongepowered.asm.mixin.injection.struct.CallbackInjectionInfo
[12:48:22] [main/DEBUG] (FabricLoader/Mixin) Registering new injector for @ModifyArg with org.spongepowered.asm.mixin.injection.struct.ModifyArgInjectionInfo
[12:48:22] [main/DEBUG] (FabricLoader/Mixin) Registering new injector for @ModifyArgs with org.spongepowered.asm.mixin.injection.struct.ModifyArgsInjectionInfo
[12:48:22] [main/DEBUG] (FabricLoader/Mixin) Registering new injector for @Redirect with org.spongepowered.asm.mixin.injection.struct.RedirectInjectionInfo
[12:48:22] [main/DEBUG] (FabricLoader/Mixin) Registering new injector for @ModifyVariable with org.spongepowered.asm.mixin.injection.struct.ModifyVariableInjectionInfo
[12:48:22] [main/DEBUG] (FabricLoader/Mixin) Registering new injector for @ModifyConstant with org.spongepowered.asm.mixin.injection.struct.ModifyConstantInjectionInfo
[12:48:22] [main/DEBUG] (FabricLoader/Mixin) Selecting config fabric-loot-api-v3.mixins.json
[12:48:22] [main/DEBUG] (FabricLoader/Mixin) Selecting config fabric-command-api-v2.mixins.json
[12:48:22] [main/DEBUG] (FabricLoader/Mixin) Selecting config fabric-transfer-api-v1.mixins.json
[12:48:22] [main/DEBUG] (FabricLoader/Mixin) Selecting config fabric-networking-api-v1.mixins.json
[12:48:22] [main/DEBUG] (FabricLoader/Mixin) Selecting config fabric-block-api-v1.mixins.json
[12:48:22] [main/DEBUG] (FabricLoader/Mixin) Selecting config fabric-tag-api-v1.mixins.json
[12:48:22] [main/DEBUG] (FabricLoader/Mixin) Selecting config fabric-dimensions-v1.mixins.json
[12:48:22] [main/DEBUG] (FabricLoader/Mixin) Selecting config fabric-screen-handler-api-v1.mixins.json
[12:48:22] [main/DEBUG] (FabricLoader/Mixin) Selecting config fabric-loot-api-v2.mixins.json
[12:48:22] [main/DEBUG] (FabricLoader/Mixin) Selecting config fabric-biome-api-v1.mixins.json
[12:48:22] [main/DEBUG] (FabricLoader/Mixin) Selecting config fabric-resource-loader-v0.mixins.json
[12:48:22] [main/DEBUG] (FabricLoader/Mixin) Selecting config fabric-block-view-api-v2.mixins.json
[12:48:22] [main/DEBUG] (FabricLoader/Mixin) Selecting config fabric-object-builder-v1.mixins.json
[12:48:22] [main/DEBUG] (FabricLoader/Mixin) Selecting config fabric-crash-report-info-v1.mixins.json
[12:48:22] [main/DEBUG] (FabricLoader/Mixin) Selecting config fabric-resource-loader-v1.mixins.json
[12:48:22] [main/DEBUG] (FabricLoader/Mixin) Selecting config fabric-game-rule-api-v1.mixins.json
[12:48:22] [main/DEBUG] (FabricLoader/Mixin) Selecting config fabric-entity-events-v1.mixins.json
[12:48:22] [main/DEBUG] (FabricLoader/Mixin) Selecting config fabric-gametest-api-v1.mixins.json
[12:48:22] [main/DEBUG] (FabricLoader/Mixin) Selecting config fabric-message-api-v1.mixins.json
[12:48:22] [main/DEBUG] (FabricLoader/Mixin) Preparing modid.mixins.json (1)
[12:48:22] [main/DEBUG] (FabricLoader/Mixin) Preparing fabric-events-interaction-v0.mixins.json (5)
[12:48:22] [main/DEBUG] (FabricLoader/Mixin) @Mixin target net/minecraft/server/network/ServerGamePacketListenerImpl$1 is public in fabric-events-interaction-v0.mixins.json:ServerPlayNetworkHandlerInteractEntityHandlerMixin from mod fabric-events-interaction-v0 and should be specified in value
[12:48:22] [main/DEBUG] (FabricLoader/Mixin) Preparing fabric-particles-v1.mixins.json (8)
[12:48:22] [main/DEBUG] (FabricLoader/Mixin) Preparing fabric-registry-sync-v0.mixins.json (16)
[12:48:22] [main/DEBUG] (FabricLoader/Mixin) Preparing fabric-convention-tags-api-v2.mixins.json (1)
[12:48:22] [main/DEBUG] (FabricLoader/Mixin) Preparing fabric-item-group-api-v1.mixins.json (3)
[12:48:22] [main/DEBUG] (FabricLoader/Mixin) Preparing fabric-api-lookup-api-v1.mixins.json (2)
[12:48:22] [main/DEBUG] (FabricLoader/Mixin) Preparing fabric-content-registries-v0.mixins.json (18)
[12:48:22] [main/DEBUG] (FabricLoader/Mixin) Preparing fabric-serialization-api-v1.mixins.json (4)
[12:48:22] [main/DEBUG] (FabricLoader/Mixin) Preparing fabric-recipe-api-v1.mixins.json (5)
[12:48:22] [main/DEBUG] (FabricLoader/Mixin) Preparing fabric-resource-conditions-api-v1.mixins.json (7)
[12:48:22] [main/DEBUG] (FabricLoader/Mixin) Preparing fabric-data-attachment-api-v1.mixins.json (14)
[12:48:22] [main/DEBUG] (FabricLoader/Mixin) Preparing fabric-item-api-v1.mixins.json (17)
[12:48:22] [main/DEBUG] (FabricLoader/Mixin) Preparing fabric-lifecycle-events-v1.mixins.json (11)
[12:48:22] [main/DEBUG] (FabricLoader/Mixin) @Mixin target net/minecraft/server/level/ServerLevel$EntityCallbacks is public in fabric-lifecycle-events-v1.mixins.json:ServerWorldServerEntityHandlerMixin from mod fabric-lifecycle-events-v1 and should be specified in value
[12:48:22] [main/DEBUG] (FabricLoader/Mixin) Preparing fabric-data-generation-api-v1.mixins.json (17)
[12:48:22] [main/DEBUG] (FabricLoader/Mixin) @Mixin target net/minecraft/data/HashCache$ProviderCache is public in fabric-data-generation-api-v1.mixins.json:DataCacheCachedDataMixin from mod fabric-data-generation-api-v1 and should be specified in value
[12:48:22] [main/DEBUG] (FabricLoader/Mixin) @Mixin target net/minecraft/data/tags/TagAppender$1 is public in fabric-data-generation-api-v1.mixins.json:ProvidedTagBuilderMixin$ProvidedTagBuilder1Mixin from mod fabric-data-generation-api-v1 and should be specified in value
[12:48:22] [main/DEBUG] (FabricLoader/Mixin) @Mixin target net/minecraft/data/tags/TagAppender$2 is public in fabric-data-generation-api-v1.mixins.json:ProvidedTagBuilderMixin$ProvidedTagBuilder2Mixin from mod fabric-data-generation-api-v1 and should be specified in value
[12:48:22] [main/DEBUG] (FabricLoader/Mixin) Preparing mixinextras.init.mixins.json (0)
[12:48:22] [main/DEBUG] (FabricLoader/Mixin) Preparing fabric-loot-api-v3.mixins.json (8)
[12:48:22] [main/DEBUG] (FabricLoader/Mixin) Preparing fabric-command-api-v2.mixins.json (6)
[12:48:22] [main/DEBUG] (FabricLoader/Mixin) Preparing fabric-transfer-api-v1.mixins.json (17)
[12:48:22] [main/DEBUG] (FabricLoader/Mixin) Preparing fabric-networking-api-v1.mixins.json (24)
[12:48:23] [main/DEBUG] (FabricLoader/Mixin) @Mixin target net/minecraft/network/protocol/common/custom/CustomPacketPayload$1 is public in fabric-networking-api-v1.mixins.json:CustomPayloadPacketCodecMixin from mod fabric-networking-api-v1 and should be specified in value
[12:48:23] [main/DEBUG] (FabricLoader/Mixin) @Mixin target net/minecraft/server/level/ChunkMap$TrackedEntity is public in fabric-networking-api-v1.mixins.json:accessor.EntityTrackerAccessor from mod fabric-networking-api-v1 and should be specified in value
[12:48:23] [main/DEBUG] (FabricLoader/Mixin) Preparing fabric-block-api-v1.mixins.json (5)
[12:48:23] [main/DEBUG] (FabricLoader/Mixin) @Mixin target net/minecraft/world/level/chunk/LevelChunkSection$1BlockCounter is public in fabric-block-api-v1.mixins.json:ChunkSectionBlockStateCounterMixin from mod fabric-block-api-v1 and should be specified in value
[12:48:23] [main/DEBUG] (FabricLoader/Mixin) Preparing fabric-tag-api-v1.mixins.json (5)
[12:48:23] [main/DEBUG] (FabricLoader/Mixin) @Mixin target net/minecraft/core/MappedRegistry$2 is public in fabric-tag-api-v1.mixins.json:SimpleRegistry2Mixin from mod fabric-tag-api-v1 and should be specified in value
[12:48:23] [main/DEBUG] (FabricLoader/Mixin) @Mixin target net/minecraft/core/MappedRegistry$3 is public in fabric-tag-api-v1.mixins.json:SimpleRegistry3Mixin from mod fabric-tag-api-v1 and should be specified in value
[12:48:23] [main/DEBUG] (FabricLoader/Mixin) @Mixin target net/minecraft/core/MappedRegistry$TagSet$2 is public in fabric-tag-api-v1.mixins.json:SimpleRegistryTagLookup2Accessor from mod fabric-tag-api-v1 and should be specified in value
[12:48:23] [main/DEBUG] (FabricLoader/Mixin) Preparing fabric-dimensions-v1.mixins.json (4)
[12:48:23] [main/DEBUG] (FabricLoader/Mixin) Preparing fabric-screen-handler-api-v1.mixins.json (2)
[12:48:23] [main/DEBUG] (FabricLoader/Mixin) Preparing fabric-loot-api-v2.mixins.json (2)
[12:48:23] [main/DEBUG] (FabricLoader/Mixin) Preparing fabric-biome-api-v1.mixins.json (9)
[12:48:23] [main/DEBUG] (FabricLoader/Mixin) @Mixin target net/minecraft/world/level/biome/MultiNoiseBiomeSourceParameterList$Preset$1 is public in fabric-biome-api-v1.mixins.json:NetherBiomePresetMixin from mod fabric-biome-api-v1 and should be specified in value
[12:48:23] [main/DEBUG] (FabricLoader/Mixin) Preparing fabric-resource-loader-v0.mixins.json (11)
[12:48:23] [main/DEBUG] (FabricLoader/Mixin) Preparing fabric-block-view-api-v2.mixins.json (3)
[12:48:23] [main/DEBUG] (FabricLoader/Mixin) Preparing fabric-object-builder-v1.mixins.json (10)
[12:48:23] [main/DEBUG] (FabricLoader/Mixin) Preparing fabric-crash-report-info-v1.mixins.json (2)
[12:48:23] [main/DEBUG] (FabricLoader/Mixin) Preparing fabric-resource-loader-v1.mixins.json (5)
[12:48:23] [main/DEBUG] (FabricLoader/Mixin) Preparing fabric-game-rule-api-v1.mixins.json (7)
[12:48:23] [main/DEBUG] (FabricLoader/Mixin) @Mixin target net/minecraft/server/commands/GameRuleCommand$1 is public in fabric-game-rule-api-v1.mixins.json:GameRuleCommandVisitorMixin from mod fabric-game-rule-api-v1 and should be specified in value
[12:48:23] [main/DEBUG] (FabricLoader/Mixin) Preparing fabric-entity-events-v1.mixins.json (7)
[12:48:23] [main/DEBUG] (FabricLoader/Mixin) Preparing fabric-gametest-api-v1.mixins.json (4)
[12:48:23] [main/DEBUG] (FabricLoader/Mixin) Preparing fabric-message-api-v1.mixins.json (2)
[12:48:23] [main/DEBUG] (FabricLoader/Mixin) Inner class net/fabricmc/fabric/mixin/itemgroup/ItemGroupsMixin$1ItemGroupPosition in net/fabricmc/fabric/mixin/itemgroup/ItemGroupsMixin on net/minecraft/world/item/CreativeModeTabs gets unique name net/minecraft/world/item/CreativeModeTabs$1ItemGroupPosition$a206bd3f6da84f71924da7892f871160
[12:48:23] [main/DEBUG] (FabricLoader/Mixin) Inner class net/fabricmc/fabric/mixin/transfer/ChiseledBookshelfBlockEntityMixin$1 in net/fabricmc/fabric/mixin/transfer/ChiseledBookshelfBlockEntityMixin on net/minecraft/world/level/block/entity/ChiseledBookShelfBlockEntity gets unique name net/minecraft/world/level/block/entity/ChiseledBookShelfBlockEntity$Anonymous$a1fbe42c811f4e7dbff4d22fb7eb51d5
[12:48:23] [main/DEBUG] (FabricLoader/Mixin) Prepared 262 mixins in 0.607 sec (2.3ms avg) (0ms load, 0ms transform, 0ms plugin)
[12:48:23] [main/INFO] (FabricLoader/MixinExtras|Service) Initializing MixinExtras via com.llamalad7.mixinextras.service.MixinExtrasServiceImpl(version=0.5.0).
[12:48:23] [main/DEBUG] (FabricLoader/Mixin) Registering new injector for @SugarWrapper with com.llamalad7.mixinextras.sugar.impl.SugarWrapperInjectionInfo
[12:48:23] [main/DEBUG] (FabricLoader/Mixin) Registering new injector for @FactoryRedirectWrapper with com.llamalad7.mixinextras.wrapper.factory.FactoryRedirectWrapperInjectionInfo
[12:48:23] [main/DEBUG] (FabricLoader/Mixin) Registering new injector for @ExpressionInjectorWrapper with com.llamalad7.mixinextras.expression.impl.wrapper.ExpressionInjectorWrapperInjectionInfo
[12:48:23] [main/DEBUG] (FabricLoader/Mixin) Mixing MainMixin from fabric-registry-sync-v0.mixins.json into net.minecraft.server.Main
[12:48:23] [main/DEBUG] (FabricLoader/Mixin) Mixing server.MainMixin from fabric-data-generation-api-v1.mixins.json into net.minecraft.server.Main
[12:48:23] [main/DEBUG] (FabricLoader/Mixin) Mixing server.MainMixin from fabric-gametest-api-v1.mixins.json into net.minecraft.server.Main
[12:48:23] [main/DEBUG] (FabricLoader/Mixin) fabric-registry-sync-v0.mixins.json:MainMixin from mod fabric-registry-sync-v0->@Inject::afterModInit(Lorg/spongepowered/asm/mixin/injection/callback/CallbackInfo;)V doesn't use it's CallbackInfo
[12:48:23] [main/DEBUG] (FabricLoader/Mixin) fabric-data-generation-api-v1.mixins.json:server.MainMixin from mod fabric-data-generation-api-v1->@Inject::main([Ljava/lang/String;Lorg/spongepowered/asm/mixin/injection/callback/CallbackInfo;)V does use it's CallbackInfo
[12:48:23] [main/DEBUG] (FabricLoader/Mixin) fabric-gametest-api-v1.mixins.json:server.MainMixin from mod fabric-gametest-api-v1->@Inject::main([Ljava/lang/String;Lorg/spongepowered/asm/mixin/injection/callback/CallbackInfo;)V does use it's CallbackInfo
[12:48:23] [main/DEBUG] (FabricLoader/Mixin) fabric-gametest-api-v1.mixins.json:server.MainMixin from mod fabric-gametest-api-v1->@Inject::exitOnError(Lorg/spongepowered/asm/mixin/injection/callback/CallbackInfo;)V doesn't use it's CallbackInfo
[12:48:23] [main/DEBUG] (io.netty.util.internal.logging.InternalLoggerFactory) Using SLF4J as the default logging framework
[12:48:23] [main/DEBUG] (io.netty.util.ResourceLeakDetector) -Dio.netty.leakDetection.level: simple
[12:48:23] [main/DEBUG] (io.netty.util.ResourceLeakDetector) -Dio.netty.leakDetection.targetRecords: 4
[12:48:23] [main/DEBUG] (FabricLoader/Mixin) Mixing SystemDetailsMixin from fabric-crash-report-info-v1.mixins.json into net.minecraft.SystemReport
[12:48:23] [main/DEBUG] (FabricLoader/Mixin) Renaming synthetic method lambda$appendMods$1(Lnet/fabricmc/loader/api/ModContainer;)Ljava/lang/String; to mdbbab15$fabric-crash-report-info-v1$lambda$appendMods$1$0 in fabric-crash-report-info-v1.mixins.json:SystemDetailsMixin from mod fabric-crash-report-info-v1
[12:48:23] [main/DEBUG] (FabricLoader/Mixin) Renaming synthetic method lambda$fillSystemDetails$0()Ljava/lang/String; to mdbbab15$fabric-crash-report-info-v1$lambda$fillSystemDetails$0$1 in fabric-crash-report-info-v1.mixins.json:SystemDetailsMixin from mod fabric-crash-report-info-v1
[12:48:23] [main/DEBUG] (FabricLoader/Mixin) fabric-crash-report-info-v1.mixins.json:SystemDetailsMixin from mod fabric-crash-report-info-v1->@Inject::fillSystemDetails(Lorg/spongepowered/asm/mixin/injection/callback/CallbackInfo;)V doesn't use it's CallbackInfo
[12:48:23] [main/DEBUG] (FabricLoader/Mixin) fabric-crash-report-info-v1.mixins.json:SystemDetailsMixin from mod fabric-crash-report-info-v1->@Inject::fillSystemDetails(Lorg/spongepowered/asm/mixin/injection/callback/CallbackInfo;)V has 0 override(s) in child classes
[12:48:23] [main/DEBUG] (FabricLoader/Mixin) fabric-crash-report-info-v1.mixins.json:SystemDetailsMixin from mod fabric-crash-report-info-v1->@Inject::fillSystemDetails(Lorg/spongepowered/asm/mixin/injection/callback/CallbackInfo;)V won't be passed a CallbackInfo as a result
[12:48:23] [main/DEBUG] (oshi.util.FileUtil) Reading file /proc/self/auxv
[12:48:23] [main/DEBUG] (oshi.util.FileUtil) Reading file /proc/self/auxv
[12:48:23] [main/DEBUG] (oshi.util.FileUtil) Reading file /proc/stat
[12:48:23] [main/DEBUG] (oshi.util.FileUtil) Reading file /sys/devices/system/cpu/cpu0/topology/core_id
[12:48:23] [main/DEBUG] (oshi.util.FileUtil) Reading file /sys/devices/system/cpu/cpu0/topology/core_id
[12:48:23] [main/DEBUG] (oshi.util.FileUtil) Reading file /sys/devices/system/cpu/cpu0/topology/physical_package_id
[12:48:23] [main/DEBUG] (oshi.util.FileUtil) Reading file /sys/devices/system/cpu/cpu0/topology/physical_package_id
[12:48:23] [main/DEBUG] (oshi.util.FileUtil) Reading file /sys/devices/system/cpu/cpu0/cpu_capacity
[12:48:23] [main/DEBUG] (oshi.util.FileUtil) Reading file /sys/devices/system/cpu/cpu0/cache/index2/level
[12:48:23] [main/DEBUG] (oshi.util.FileUtil) Reading file /sys/devices/system/cpu/cpu0/cache/index2/level
[12:48:23] [main/DEBUG] (oshi.util.FileUtil) Reading file /sys/devices/system/cpu/cpu0/cache/index2/type
[12:48:23] [main/DEBUG] (oshi.util.FileUtil) Reading file /sys/devices/system/cpu/cpu0/cache/index2/type
[12:48:23] [main/DEBUG] (oshi.util.FileUtil) Reading file /sys/devices/system/cpu/cpu0/cache/index2/ways_of_associativity
[12:48:23] [main/DEBUG] (oshi.util.FileUtil) Reading file /sys/devices/system/cpu/cpu0/cache/index2/ways_of_associativity
[12:48:23] [main/DEBUG] (oshi.util.FileUtil) Reading file /sys/devices/system/cpu/cpu0/cache/index2/coherency_line_size
[12:48:23] [main/DEBUG] (oshi.util.FileUtil) Reading file /sys/devices/system/cpu/cpu0/cache/index2/coherency_line_size
[12:48:23] [main/DEBUG] (oshi.util.FileUtil) Reading file /sys/devices/system/cpu/cpu0/cache/index2/size
[12:48:23] [main/DEBUG] (oshi.util.FileUtil) Reading file /sys/devices/system/cpu/cpu0/cache/index2/size
[12:48:23] [main/DEBUG] (oshi.util.FileUtil) Reading file /sys/devices/system/cpu/cpu0/cache/index0/level
[12:48:23] [main/DEBUG] (oshi.util.FileUtil) Reading file /sys/devices/system/cpu/cpu0/cache/index0/level
[12:48:23] [main/DEBUG] (oshi.util.FileUtil) Reading file /sys/devices/system/cpu/cpu0/cache/index0/type
[12:48:23] [main/DEBUG] (oshi.util.FileUtil) Reading file /sys/devices/system/cpu/cpu0/cache/index0/type
[12:48:23] [main/DEBUG] (oshi.util.FileUtil) Reading file /sys/devices/system/cpu/cpu0/cache/index0/ways_of_associativity
[12:48:23] [main/DEBUG] (oshi.util.FileUtil) Reading file /sys/devices/system/cpu/cpu0/cache/index0/ways_of_associativity
[12:48:23] [main/DEBUG] (oshi.util.FileUtil) Reading file /sys/devices/system/cpu/cpu0/cache/index0/coherency_line_size
[12:48:23] [main/DEBUG] (oshi.util.FileUtil) Reading file /sys/devices/system/cpu/cpu0/cache/index0/coherency_line_size
[12:48:23] [main/DEBUG] (oshi.util.FileUtil) Reading file /sys/devices/system/cpu/cpu0/cache/index0/size
[12:48:23] [main/DEBUG] (oshi.util.FileUtil) Reading file /sys/devices/system/cpu/cpu0/cache/index0/size
[12:48:23] [main/DEBUG] (oshi.util.FileUtil) Reading file /sys/devices/system/cpu/cpu0/cache/index3/level
[12:48:23] [main/DEBUG] (oshi.util.FileUtil) Reading file /sys/devices/system/cpu/cpu0/cache/index3/level
[12:48:23] [main/DEBUG] (oshi.util.FileUtil) Reading file /sys/devices/system/cpu/cpu0/cache/index3/type
[12:48:23] [main/DEBUG] (oshi.util.FileUtil) Reading file /sys/devices/system/cpu/cpu0/cache/index3/type
[12:48:23] [main/DEBUG] (oshi.util.FileUtil) Reading file /sys/devices/system/cpu/cpu0/cache/index3/ways_of_associativity
[12:48:23] [main/DEBUG] (oshi.util.FileUtil) Reading file /sys/devices/system/cpu/cpu0/cache/index3/ways_of_associativity
[12:48:23] [main/DEBUG] (oshi.util.FileUtil) Reading file /sys/devices/system/cpu/cpu0/cache/index3/coherency_line_size
[12:48:23] [main/DEBUG] (oshi.util.FileUtil) Reading file /sys/devices/system/cpu/cpu0/cache/index3/coherency_line_size
[12:48:23] [main/DEBUG] (oshi.util.FileUtil) Reading file /sys/devices/system/cpu/cpu0/cache/index3/size
[12:48:23] [main/DEBUG] (oshi.util.FileUtil) Reading file /sys/devices/system/cpu/cpu0/cache/index3/size
[12:48:23] [main/DEBUG] (oshi.util.FileUtil) Reading file /sys/devices/system/cpu/cpu0/cache/index1/level
[12:48:23] [main/DEBUG] (oshi.util.FileUtil) Reading file /sys/devices/system/cpu/cpu0/cache/index1/level
[12:48:23] [main/DEBUG] (oshi.util.FileUtil) Reading file /sys/devices/system/cpu/cpu0/cache/index1/type
[12:48:23] [main/DEBUG] (oshi.util.FileUtil) Reading file /sys/devices/system/cpu/cpu0/cache/index1/type
[12:48:23] [main/DEBUG] (oshi.util.FileUtil) Reading file /sys/devices/system/cpu/cpu0/cache/index1/ways_of_associativity
[12:48:23] [main/DEBUG] (oshi.util.FileUtil) Reading file /sys/devices/system/cpu/cpu0/cache/index1/ways_of_associativity
[12:48:23] [main/DEBUG] (oshi.util.FileUtil) Reading file /sys/devices/system/cpu/cpu0/cache/index1/coherency_line_size
[12:48:23] [main/DEBUG] (oshi.util.FileUtil) Reading file /sys/devices/system/cpu/cpu0/cache/index1/coherency_line_size
[12:48:23] [main/DEBUG] (oshi.util.FileUtil) Reading file /sys/devices/system/cpu/cpu0/cache/index1/size
[12:48:23] [main/DEBUG] (oshi.util.FileUtil) Reading file /sys/devices/system/cpu/cpu0/cache/index1/size
[12:48:23] [main/DEBUG] (oshi.util.FileUtil) Reading file /sys/devices/system/cpu/cpu1/topology/core_id
[12:48:23] [main/DEBUG] (oshi.util.FileUtil) Reading file /sys/devices/system/cpu/cpu1/topology/core_id
[12:48:23] [main/DEBUG] (oshi.util.FileUtil) Reading file /sys/devices/system/cpu/cpu1/topology/physical_package_id
[12:48:23] [main/DEBUG] (oshi.util.FileUtil) Reading file /sys/devices/system/cpu/cpu1/topology/physical_package_id
[12:48:23] [main/DEBUG] (oshi.util.FileUtil) Reading file /sys/devices/system/cpu/cpu1/cpu_capacity
[12:48:23] [main/DEBUG] (oshi.util.FileUtil) Reading file /sys/devices/system/cpu/cpu1/cache/index2/level
[12:48:23] [main/DEBUG] (oshi.util.FileUtil) Reading file /sys/devices/system/cpu/cpu1/cache/index2/level
[12:48:23] [main/DEBUG] (oshi.util.FileUtil) Reading file /sys/devices/system/cpu/cpu1/cache/index2/type
[12:48:23] [main/DEBUG] (oshi.util.FileUtil) Reading file /sys/devices/system/cpu/cpu1/cache/index2/type
[12:48:23] [main/DEBUG] (oshi.util.FileUtil) Reading file /sys/devices/system/cpu/cpu1/cache/index2/ways_of_associativity
[12:48:23] [main/DEBUG] (oshi.util.FileUtil) Reading file /sys/devices/system/cpu/cpu1/cache/index2/ways_of_associativity
[12:48:23] [main/DEBUG] (oshi.util.FileUtil) Reading file /sys/devices/system/cpu/cpu1/cache/index2/coherency_line_size
[12:48:23] [main/DEBUG] (oshi.util.FileUtil) Reading file /sys/devices/system/cpu/cpu1/cache/index2/coherency_line_size
[12:48:23] [main/DEBUG] (oshi.util.FileUtil) Reading file /sys/devices/system/cpu/cpu1/cache/index2/size
[12:48:23] [main/DEBUG] (oshi.util.FileUtil) Reading file /sys/devices/system/cpu/cpu1/cache/index2/size
[12:48:23] [main/DEBUG] (oshi.util.FileUtil) Reading file /sys/devices/system/cpu/cpu1/cache/index0/level
[12:48:23] [main/DEBUG] (oshi.util.FileUtil) Reading file /sys/devices/system/cpu/cpu1/cache/index0/level
[12:48:23] [main/DEBUG] (oshi.util.FileUtil) Reading file /sys/devices/system/cpu/cpu1/cache/index0/type
[12:48:23] [main/DEBUG] (oshi.util.FileUtil) Reading file /sys/devices/system/cpu/cpu1/cache/index0/type
[12:48:23] [main/DEBUG] (oshi.util.FileUtil) Reading file /sys/devices/system/cpu/cpu1/cache/index0/ways_of_associativity
[12:48:23] [main/DEBUG] (oshi.util.FileUtil) Reading file /sys/devices/system/cpu/cpu1/cache/index0/ways_of_associativity
[12:48:23] [main/DEBUG] (oshi.util.FileUtil) Reading file /sys/devices/system/cpu/cpu1/cache/index0/coherency_line_size
[12:48:23] [main/DEBUG] (oshi.util.FileUtil) Reading file /sys/devices/system/cpu/cpu1/cache/index0/coherency_line_size
[12:48:23] [main/DEBUG] (oshi.util.FileUtil) Reading file /sys/devices/system/cpu/cpu1/cache/index0/size
[12:48:23] [main/DEBUG] (oshi.util.FileUtil) Reading file /sys/devices/system/cpu/cpu1/cache/index0/size
[12:48:23] [main/DEBUG] (oshi.util.FileUtil) Reading file /sys/devices/system/cpu/cpu1/cache/index3/level
[12:48:23] [main/DEBUG] (oshi.util.FileUtil) Reading file /sys/devices/system/cpu/cpu1/cache/index3/level
[12:48:23] [main/DEBUG] (oshi.util.FileUtil) Reading file /sys/devices/system/cpu/cpu1/cache/index3/type
[12:48:23] [main/DEBUG] (oshi.util.FileUtil) Reading file /sys/devices/system/cpu/cpu1/cache/index3/type
[12:48:23] [main/DEBUG] (oshi.util.FileUtil) Reading file /sys/devices/system/cpu/cpu1/cache/index3/ways_of_associativity
[12:48:23] [main/DEBUG] (oshi.util.FileUtil) Reading file /sys/devices/system/cpu/cpu1/cache/index3/ways_of_associativity
[12:48:23] [main/DEBUG] (oshi.util.FileUtil) Reading file /sys/devices/system/cpu/cpu1/cache/index3/coherency_line_size
[12:48:23] [main/DEBUG] (oshi.util.FileUtil) Reading file /sys/devices/system/cpu/cpu1/cache/index3/coherency_line_size
[12:48:23] [main/DEBUG] (oshi.util.FileUtil) Reading file /sys/devices/system/cpu/cpu1/cache/index3/size
[12:48:23] [main/DEBUG] (oshi.util.FileUtil) Reading file /sys/devices/system/cpu/cpu1/cache/index3/size
[12:48:23] [main/DEBUG] (oshi.util.FileUtil) Reading file /sys/devices/system/cpu/cpu1/cache/index1/level
[12:48:23] [main/DEBUG] (oshi.util.FileUtil) Reading file /sys/devices/system/cpu/cpu1/cache/index1/level
[12:48:23] [main/DEBUG] (oshi.util.FileUtil) Reading file /sys/devices/system/cpu/cpu1/cache/index1/type
[12:48:23] [main/DEBUG] (oshi.util.FileUtil) Reading file /sys/devices/system/cpu/cpu1/cache/index1/type
[12:48:23] [main/DEBUG] (oshi.util.FileUtil) Reading file /sys/devices/system/cpu/cpu1/cache/index1/ways_of_associativity
[12:48:23] [main/DEBUG] (oshi.util.FileUtil) Reading file /sys/devices/system/cpu/cpu1/cache/index1/ways_of_associativity
[12:48:23] [main/DEBUG] (oshi.util.FileUtil) Reading file /sys/devices/system/cpu/cpu1/cache/index1/coherency_line_size
[12:48:23] [main/DEBUG] (oshi.util.FileUtil) Reading file /sys/devices/system/cpu/cpu1/cache/index1/coherency_line_size
[12:48:23] [main/DEBUG] (oshi.util.FileUtil) Reading file /sys/devices/system/cpu/cpu1/cache/index1/size
[12:48:23] [main/DEBUG] (oshi.util.FileUtil) Reading file /sys/devices/system/cpu/cpu1/cache/index1/size
[12:48:23] [main/DEBUG] (oshi.util.FileUtil) Reading file /sys/devices/system/cpu/cpu2/topology/core_id
[12:48:23] [main/DEBUG] (oshi.util.FileUtil) Reading file /sys/devices/system/cpu/cpu2/topology/core_id
[12:48:23] [main/DEBUG] (oshi.util.FileUtil) Reading file /sys/devices/system/cpu/cpu2/topology/physical_package_id
[12:48:23] [main/DEBUG] (oshi.util.FileUtil) Reading file /sys/devices/system/cpu/cpu2/topology/physical_package_id
[12:48:23] [main/DEBUG] (oshi.util.FileUtil) Reading file /sys/devices/system/cpu/cpu2/cpu_capacity
[12:48:23] [main/DEBUG] (oshi.util.FileUtil) Reading file /sys/devices/system/cpu/cpu2/cache/index2/level
[12:48:23] [main/DEBUG] (oshi.util.FileUtil) Reading file /sys/devices/system/cpu/cpu2/cache/index2/level
[12:48:23] [main/DEBUG] (oshi.util.FileUtil) Reading file /sys/devices/system/cpu/cpu2/cache/index2/type
[12:48:23] [main/DEBUG] (oshi.util.FileUtil) Reading file /sys/devices/system/cpu/cpu2/cache/index2/type
[12:48:23] [main/DEBUG] (oshi.util.FileUtil) Reading file /sys/devices/system/cpu/cpu2/cache/index2/ways_of_associativity
[12:48:23] [main/DEBUG] (oshi.util.FileUtil) Reading file /sys/devices/system/cpu/cpu2/cache/index2/ways_of_associativity
[12:48:23] [main/DEBUG] (oshi.util.FileUtil) Reading file /sys/devices/system/cpu/cpu2/cache/index2/coherency_line_size
[12:48:23] [main/DEBUG] (oshi.util.FileUtil) Reading file /sys/devices/system/cpu/cpu2/cache/index2/coherency_line_size
[12:48:23] [main/DEBUG] (oshi.util.FileUtil) Reading file /sys/devices/system/cpu/cpu2/cache/index2/size
[12:48:23] [main/DEBUG] (oshi.util.FileUtil) Reading file /sys/devices/system/cpu/cpu2/cache/index2/size
[12:48:23] [main/DEBUG] (oshi.util.FileUtil) Reading file /sys/devices/system/cpu/cpu2/cache/index0/level
[12:48:23] [main/DEBUG] (oshi.util.FileUtil) Reading file /sys/devices/system/cpu/cpu2/cache/index0/level
[12:48:23] [main/DEBUG] (oshi.util.FileUtil) Reading file /sys/devices/system/cpu/cpu2/cache/index0/type
[12:48:23] [main/DEBUG] (oshi.util.FileUtil) Reading file /sys/devices/system/cpu/cpu2/cache/index0/type
[12:48:23] [main/DEBUG] (oshi.util.FileUtil) Reading file /sys/devices/system/cpu/cpu2/cache/index0/ways_of_associativity
[12:48:23] [main/DEBUG] (oshi.util.FileUtil) Reading file /sys/devices/system/cpu/cpu2/cache/index0/ways_of_associativity
[12:48:23] [main/DEBUG] (oshi.util.FileUtil) Reading file /sys/devices/system/cpu/cpu2/cache/index0/coherency_line_size
[12:48:23] [main/DEBUG] (oshi.util.FileUtil) Reading file /sys/devices/system/cpu/cpu2/cache/index0/coherency_line_size
[12:48:23] [main/DEBUG] (oshi.util.FileUtil) Reading file /sys/devices/system/cpu/cpu2/cache/index0/size
[12:48:23] [main/DEBUG] (oshi.util.FileUtil) Reading file /sys/devices/system/cpu/cpu2/cache/index0/size
[12:48:23] [main/DEBUG] (oshi.util.FileUtil) Reading file /sys/devices/system/cpu/cpu2/cache/index3/level
[12:48:23] [main/DEBUG] (oshi.util.FileUtil) Reading file /sys/devices/system/cpu/cpu2/cache/index3/level
[12:48:23] [main/DEBUG] (oshi.util.FileUtil) Reading file /sys/devices/system/cpu/cpu2/cache/index3/type
[12:48:23] [main/DEBUG] (oshi.util.FileUtil) Reading file /sys/devices/system/cpu/cpu2/cache/index3/type
[12:48:23] [main/DEBUG] (oshi.util.FileUtil) Reading file /sys/devices/system/cpu/cpu2/cache/index3/ways_of_associativity
[12:48:23] [main/DEBUG] (oshi.util.FileUtil) Reading file /sys/devices/system/cpu/cpu2/cache/index3/ways_of_associativity
[12:48:23] [main/DEBUG] (oshi.util.FileUtil) Reading file /sys/devices/system/cpu/cpu2/cache/index3/coherency_line_size
[12:48:23] [main/DEBUG] (oshi.util.FileUtil) Reading file /sys/devices/system/cpu/cpu2/cache/index3/coherency_line_size
[12:48:23] [main/DEBUG] (oshi.util.FileUtil) Reading file /sys/devices/system/cpu/cpu2/cache/index3/size
[12:48:23] [main/DEBUG] (oshi.util.FileUtil) Reading file /sys/devices/system/cpu/cpu2/cache/index3/size
[12:48:23] [main/DEBUG] (oshi.util.FileUtil) Reading file /sys/devices/system/cpu/cpu2/cache/index1/level
[12:48:23] [main/DEBUG] (oshi.util.FileUtil) Reading file /sys/devices/system/cpu/cpu2/cache/index1/level
[12:48:23] [main/DEBUG] (oshi.util.FileUtil) Reading file /sys/devices/system/cpu/cpu2/cache/index1/type
[12:48:23] [main/DEBUG] (oshi.util.FileUtil) Reading file /sys/devices/system/cpu/cpu2/cache/index1/type
[12:48:23] [main/DEBUG] (oshi.util.FileUtil) Reading file /sys/devices/system/cpu/cpu2/cache/index1/ways_of_associativity
[12:48:23] [main/DEBUG] (oshi.util.FileUtil) Reading file /sys/devices/system/cpu/cpu2/cache/index1/ways_of_associativity
[12:48:23] [main/DEBUG] (oshi.util.FileUtil) Reading file /sys/devices/system/cpu/cpu2/cache/index1/coherency_line_size
[12:48:23] [main/DEBUG] (oshi.util.FileUtil) Reading file /sys/devices/system/cpu/cpu2/cache/index1/coherency_line_size
[12:48:23] [main/DEBUG] (oshi.util.FileUtil) Reading file /sys/devices/system/cpu/cpu2/cache/index1/size
[12:48:23] [main/DEBUG] (oshi.util.FileUtil) Reading file /sys/devices/system/cpu/cpu2/cache/index1/size
[12:48:23] [main/DEBUG] (oshi.util.FileUtil) Reading file /sys/devices/system/cpu/cpu3/topology/core_id
[12:48:23] [main/DEBUG] (oshi.util.FileUtil) Reading file /sys/devices/system/cpu/cpu3/topology/core_id
[12:48:23] [main/DEBUG] (oshi.util.FileUtil) Reading file /sys/devices/system/cpu/cpu3/topology/physical_package_id
[12:48:23] [main/DEBUG] (oshi.util.FileUtil) Reading file /sys/devices/system/cpu/cpu3/topology/physical_package_id
[12:48:23] [main/DEBUG] (oshi.util.FileUtil) Reading file /sys/devices/system/cpu/cpu3/cpu_capacity
[12:48:23] [main/DEBUG] (oshi.util.FileUtil) Reading file /sys/devices/system/cpu/cpu3/cache/index2/level
[12:48:23] [main/DEBUG] (oshi.util.FileUtil) Reading file /sys/devices/system/cpu/cpu3/cache/index2/level
[12:48:23] [main/DEBUG] (oshi.util.FileUtil) Reading file /sys/devices/system/cpu/cpu3/cache/index2/type
[12:48:23] [main/DEBUG] (oshi.util.FileUtil) Reading file /sys/devices/system/cpu/cpu3/cache/index2/type
[12:48:23] [main/DEBUG] (oshi.util.FileUtil) Reading file /sys/devices/system/cpu/cpu3/cache/index2/ways_of_associativity
[12:48:23] [main/DEBUG] (oshi.util.FileUtil) Reading file /sys/devices/system/cpu/cpu3/cache/index2/ways_of_associativity
[12:48:23] [main/DEBUG] (oshi.util.FileUtil) Reading file /sys/devices/system/cpu/cpu3/cache/index2/coherency_line_size
[12:48:23] [main/DEBUG] (oshi.util.FileUtil) Reading file /sys/devices/system/cpu/cpu3/cache/index2/coherency_line_size
[12:48:23] [main/DEBUG] (oshi.util.FileUtil) Reading file /sys/devices/system/cpu/cpu3/cache/index2/size
[12:48:23] [main/DEBUG] (oshi.util.FileUtil) Reading file /sys/devices/system/cpu/cpu3/cache/index2/size
[12:48:23] [main/DEBUG] (oshi.util.FileUtil) Reading file /sys/devices/system/cpu/cpu3/cache/index0/level
[12:48:23] [main/DEBUG] (oshi.util.FileUtil) Reading file /sys/devices/system/cpu/cpu3/cache/index0/level
[12:48:23] [main/DEBUG] (oshi.util.FileUtil) Reading file /sys/devices/system/cpu/cpu3/cache/index0/type
[12:48:23] [main/DEBUG] (oshi.util.FileUtil) Reading file /sys/devices/system/cpu/cpu3/cache/index0/type
[12:48:23] [main/DEBUG] (oshi.util.FileUtil) Reading file /sys/devices/system/cpu/cpu3/cache/index0/ways_of_associativity
[12:48:23] [main/DEBUG] (oshi.util.FileUtil) Reading file /sys/devices/system/cpu/cpu3/cache/index0/ways_of_associativity
[12:48:23] [main/DEBUG] (oshi.util.FileUtil) Reading file /sys/devices/system/cpu/cpu3/cache/index0/coherency_line_size
[12:48:23] [main/DEBUG] (oshi.util.FileUtil) Reading file /sys/devices/system/cpu/cpu3/cache/index0/coherency_line_size
[12:48:23] [main/DEBUG] (oshi.util.FileUtil) Reading file /sys/devices/system/cpu/cpu3/cache/index0/size
[12:48:23] [main/DEBUG] (oshi.util.FileUtil) Reading file /sys/devices/system/cpu/cpu3/cache/index0/size
[12:48:23] [main/DEBUG] (oshi.util.FileUtil) Reading file /sys/devices/system/cpu/cpu3/cache/index3/level
[12:48:23] [main/DEBUG] (oshi.util.FileUtil) Reading file /sys/devices/system/cpu/cpu3/cache/index3/level
[12:48:23] [main/DEBUG] (oshi.util.FileUtil) Reading file /sys/devices/system/cpu/cpu3/cache/index3/type
[12:48:23] [main/DEBUG] (oshi.util.FileUtil) Reading file /sys/devices/system/cpu/cpu3/cache/index3/type
[12:48:23] [main/DEBUG] (oshi.util.FileUtil) Reading file /sys/devices/system/cpu/cpu3/cache/index3/ways_of_associativity
[12:48:23] [main/DEBUG] (oshi.util.FileUtil) Reading file /sys/devices/system/cpu/cpu3/cache/index3/ways_of_associativity
[12:48:23] [main/DEBUG] (oshi.util.FileUtil) Reading file /sys/devices/system/cpu/cpu3/cache/index3/coherency_line_size
[12:48:23] [main/DEBUG] (oshi.util.FileUtil) Reading file /sys/devices/system/cpu/cpu3/cache/index3/coherency_line_size
[12:48:23] [main/DEBUG] (oshi.util.FileUtil) Reading file /sys/devices/system/cpu/cpu3/cache/index3/size
[12:48:23] [main/DEBUG] (oshi.util.FileUtil) Reading file /sys/devices/system/cpu/cpu3/cache/index3/size
[12:48:23] [main/DEBUG] (oshi.util.FileUtil) Reading file /sys/devices/system/cpu/cpu3/cache/index1/level
[12:48:23] [main/DEBUG] (oshi.util.FileUtil) Reading file /sys/devices/system/cpu/cpu3/cache/index1/level
[12:48:23] [main/DEBUG] (oshi.util.FileUtil) Reading file /sys/devices/system/cpu/cpu3/cache/index1/type
[12:48:23] [main/DEBUG] (oshi.util.FileUtil) Reading file /sys/devices/system/cpu/cpu3/cache/index1/type
[12:48:23] [main/DEBUG] (oshi.util.FileUtil) Reading file /sys/devices/system/cpu/cpu3/cache/index1/ways_of_associativity
[12:48:23] [main/DEBUG] (oshi.util.FileUtil) Reading file /sys/devices/system/cpu/cpu3/cache/index1/ways_of_associativity
[12:48:23] [main/DEBUG] (oshi.util.FileUtil) Reading file /sys/devices/system/cpu/cpu3/cache/index1/coherency_line_size
[12:48:23] [main/DEBUG] (oshi.util.FileUtil) Reading file /sys/devices/system/cpu/cpu3/cache/index1/coherency_line_size
[12:48:23] [main/DEBUG] (oshi.util.FileUtil) Reading file /sys/devices/system/cpu/cpu3/cache/index1/size
[12:48:23] [main/DEBUG] (oshi.util.FileUtil) Reading file /sys/devices/system/cpu/cpu3/cache/index1/size
[12:48:23] [main/DEBUG] (oshi.util.FileUtil) Reading file /proc/cpuinfo
[12:48:23] [main/DEBUG] (oshi.util.FileUtil) Reading file /proc/cpuinfo
[12:48:23] [main/DEBUG] (oshi.util.FileUtil) Reading file /proc/self/auxv
[12:48:23] [main/DEBUG] (oshi.util.FileUtil) Reading file /proc/meminfo
[12:48:23] [main/DEBUG] (oshi.util.FileUtil) Reading file /proc/meminfo
[12:48:24] [main/DEBUG] (FabricLoader/Mixin) Mixing BootstrapMixin from fabric-registry-sync-v0.mixins.json into net.minecraft.server.Bootstrap
[12:48:24] [main/DEBUG] (FabricLoader/Mixin) Renaming synthetic method lambda$afterInitialize$1(Lnet/minecraft/world/level/material/Fluid;)Ljava/util/Collection; to mdbbab15$fabric-registry-sync-v0$lambda$afterInitialize$1$0 in fabric-registry-sync-v0.mixins.json:BootstrapMixin from mod fabric-registry-sync-v0
[12:48:24] [main/DEBUG] (FabricLoader/Mixin) Renaming synthetic method lambda$afterInitialize$0(Lnet/minecraft/world/level/block/Block;)Ljava/util/Collection; to mdbbab15$fabric-registry-sync-v0$lambda$afterInitialize$0$1 in fabric-registry-sync-v0.mixins.json:BootstrapMixin from mod fabric-registry-sync-v0
[12:48:24] [main/DEBUG] (FabricLoader/Mixin) fabric-registry-sync-v0.mixins.json:BootstrapMixin from mod fabric-registry-sync-v0->@Inject::afterInitialize(Lorg/spongepowered/asm/mixin/injection/callback/CallbackInfo;)V doesn't use it's CallbackInfo
[12:48:24] [main/DEBUG] (FabricLoader/Mixin) Mixing RegistryMixin from fabric-registry-sync-v0.mixins.json into net.minecraft.core.Registry
[12:48:24] [main/DEBUG] (FabricLoader/Mixin) Mixing RegistriesAccessor from fabric-registry-sync-v0.mixins.json into net.minecraft.core.registries.BuiltInRegistries
[12:48:24] [main/DEBUG] (FabricLoader/Mixin) Renaming @Accessor method getROOT()Lnet/minecraft/core/WritableRegistry; to getROOT$fabric-registry-sync-v0_$md$bbab15$0 in fabric-registry-sync-v0.mixins.json:RegistriesAccessor from mod fabric-registry-sync-v0
[12:48:24] [main/DEBUG] (FabricLoader/Mixin) Mixing RegistriesMixin from fabric-registry-sync-v0.mixins.json into net.minecraft.core.registries.BuiltInRegistries
[12:48:24] [main/DEBUG] (FabricLoader/Mixin) Mixing RegistriesMixin from fabric-item-api-v1.mixins.json into net.minecraft.core.registries.BuiltInRegistries
[12:48:24] [main/DEBUG] (FabricLoader/Mixin) fabric-registry-sync-v0.mixins.json:RegistriesMixin from mod fabric-registry-sync-v0->@Inject::init(Lorg/spongepowered/asm/mixin/injection/callback/CallbackInfo;)V does use it's CallbackInfo
[12:48:24] [main/DEBUG] (FabricLoader/Mixin) fabric-item-api-v1.mixins.json:RegistriesMixin from mod fabric-item-api-v1->@Inject::modifyDefaultItemComponents(Lorg/spongepowered/asm/mixin/injection/callback/CallbackInfo;)V doesn't use it's CallbackInfo
[12:48:24] [main/DEBUG] (FabricLoader/Mixin) Mixing SimpleRegistryAccessor from fabric-registry-sync-v0.mixins.json into net.minecraft.core.MappedRegistry
[12:48:24] [main/DEBUG] (FabricLoader/Mixin) Mixing SimpleRegistryMixin from fabric-registry-sync-v0.mixins.json into net.minecraft.core.MappedRegistry
[12:48:24] [main/DEBUG] (FabricLoader/Mixin) Renaming synthetic method lambda$init$4([Lnet/fabricmc/fabric/api/event/registry/RegistryIdRemapCallback;)Lnet/fabricmc/fabric/api/event/registry/RegistryIdRemapCallback; to mdbbab15$fabric-registry-sync-v0$lambda$init$4$0 in fabric-registry-sync-v0.mixins.json:SimpleRegistryMixin from mod fabric-registry-sync-v0
[12:48:24] [main/DEBUG] (FabricLoader/Mixin) Renaming synthetic method lambda$init$3([Lnet/fabricmc/fabric/api/event/registry/RegistryIdRemapCallback;Lnet/fabricmc/fabric/api/event/registry/RegistryIdRemapCallback$RemapState;)V to mdbbab15$fabric-registry-sync-v0$lambda$init$3$1 in fabric-registry-sync-v0.mixins.json:SimpleRegistryMixin from mod fabric-registry-sync-v0
[12:48:24] [main/DEBUG] (FabricLoader/Mixin) Renaming synthetic method lambda$init$2(ILnet/minecraft/resources/ResourceLocation;Ljava/lang/Object;)V to mdbbab15$fabric-registry-sync-v0$lambda$init$2$2 in fabric-registry-sync-v0.mixins.json:SimpleRegistryMixin from mod fabric-registry-sync-v0
[12:48:24] [main/DEBUG] (FabricLoader/Mixin) Renaming synthetic method lambda$init$1([Lnet/fabricmc/fabric/api/event/registry/RegistryEntryAddedCallback;)Lnet/fabricmc/fabric/api/event/registry/RegistryEntryAddedCallback; to mdbbab15$fabric-registry-sync-v0$lambda$init$1$3 in fabric-registry-sync-v0.mixins.json:SimpleRegistryMixin from mod fabric-registry-sync-v0
[12:48:24] [main/DEBUG] (FabricLoader/Mixin) Renaming synthetic method lambda$init$0([Lnet/fabricmc/fabric/api/event/registry/RegistryEntryAddedCallback;ILnet/minecraft/resources/ResourceLocation;Ljava/lang/Object;)V to mdbbab15$fabric-registry-sync-v0$lambda$init$0$4 in fabric-registry-sync-v0.mixins.json:SimpleRegistryMixin from mod fabric-registry-sync-v0
[12:48:24] [main/DEBUG] (FabricLoader/Mixin) Mixing SimpleRegistryMixin from fabric-tag-api-v1.mixins.json into net.minecraft.core.MappedRegistry
[12:48:24] [main/DEBUG] (FabricLoader/Mixin) fabric-registry-sync-v0.mixins.json:SimpleRegistryMixin from mod fabric-registry-sync-v0->@Inject::init(Lnet/minecraft/resources/ResourceKey;Lcom/mojang/serialization/Lifecycle;ZLorg/spongepowered/asm/mixin/injection/callback/CallbackInfo;)V doesn't use it's CallbackInfo
[12:48:24] [main/DEBUG] (FabricLoader/Mixin) fabric-registry-sync-v0.mixins.json:SimpleRegistryMixin from mod fabric-registry-sync-v0->@Inject::init(Lnet/minecraft/resources/ResourceKey;Lcom/mojang/serialization/Lifecycle;ZLorg/spongepowered/asm/mixin/injection/callback/CallbackInfo;)V has 0 override(s) in child classes
[12:48:24] [main/DEBUG] (FabricLoader/Mixin) fabric-registry-sync-v0.mixins.json:SimpleRegistryMixin from mod fabric-registry-sync-v0->@Inject::init(Lnet/minecraft/resources/ResourceKey;Lcom/mojang/serialization/Lifecycle;ZLorg/spongepowered/asm/mixin/injection/callback/CallbackInfo;)V won't be passed a CallbackInfo as a result
[12:48:24] [main/DEBUG] (FabricLoader/Mixin) fabric-registry-sync-v0.mixins.json:SimpleRegistryMixin from mod fabric-registry-sync-v0->@Inject::set(Lnet/minecraft/resources/ResourceKey;Ljava/lang/Object;Lnet/minecraft/core/RegistrationInfo;Lorg/spongepowered/asm/mixin/injection/callback/CallbackInfoReturnable;)V does use it's CallbackInfoReturnable
[12:48:24] [main/DEBUG] (FabricLoader/Mixin) Mixing RegistryKeysMixin from fabric-registry-sync-v0.mixins.json into net.minecraft.core.registries.Registries
[12:48:24] [main/DEBUG] (FabricLoader/Mixin) Mixing ArgumentTypesAccessor from fabric-command-api-v2.mixins.json into net.minecraft.commands.synchronization.ArgumentTypeInfos
[12:48:24] [main/DEBUG] (FabricLoader/Mixin) Renaming @Accessor method fabric_getClassMap()Ljava/util/Map; to fabric_getClassMap$fabric-command-api-v2_$md$bbab15$0 in fabric-command-api-v2.mixins.json:ArgumentTypesAccessor from mod fabric-command-api-v2
[12:48:24] [main/DEBUG] (FabricLoader/Mixin) Mixing ItemGroupsMixin from fabric-item-group-api-v1.mixins.json into net.minecraft.world.item.CreativeModeTabs
[12:48:24] [main/DEBUG] (FabricLoader/Mixin) Renaming synthetic method lambda$paginateGroups$0(Lnet/minecraft/core/Holder$Reference;Lnet/minecraft/core/Holder$Reference;)I to mdbbab15$fabric-item-group-api-v1$lambda$paginateGroups$0$0 in fabric-item-group-api-v1.mixins.json:ItemGroupsMixin from mod fabric-item-group-api-v1
[12:48:24] [main/DEBUG] (FabricLoader/Mixin) fabric-item-group-api-v1.mixins.json:ItemGroupsMixin from mod fabric-item-group-api-v1->@Inject::deferDuplicateCheck(Lorg/spongepowered/asm/mixin/injection/callback/CallbackInfo;)V does use it's CallbackInfo
[12:48:24] [main/DEBUG] (FabricLoader/Mixin) fabric-item-group-api-v1.mixins.json:ItemGroupsMixin from mod fabric-item-group-api-v1->@Inject::paginateGroups(Lorg/spongepowered/asm/mixin/injection/callback/CallbackInfo;)V doesn't use it's CallbackInfo
[12:48:24] [main/DEBUG] (FabricLoader/Mixin) Mixing ItemGroupAccessor from fabric-item-group-api-v1.mixins.json into net.minecraft.world.item.CreativeModeTab
[12:48:24] [main/DEBUG] (FabricLoader/Mixin) Mixing ItemGroupMixin from fabric-item-group-api-v1.mixins.json into net.minecraft.world.item.CreativeModeTab
[12:48:24] [main/DEBUG] (FabricLoader/Mixin) Renaming synthetic method lambda$getStacks$0(Lnet/minecraft/world/item/CreativeModeTab;)Ljava/lang/IllegalStateException; to mdbbab15$fabric-item-group-api-v1$lambda$getStacks$0$0 in fabric-item-group-api-v1.mixins.json:ItemGroupMixin from mod fabric-item-group-api-v1
[12:48:24] [main/DEBUG] (FabricLoader/Mixin) fabric-item-group-api-v1.mixins.json:ItemGroupMixin from mod fabric-item-group-api-v1->@Inject::getStacks(Lnet/minecraft/world/item/CreativeModeTab$ItemDisplayParameters;Lorg/spongepowered/asm/mixin/injection/callback/CallbackInfo;)V doesn't use it's CallbackInfo
[12:48:24] [main/DEBUG] (FabricLoader/Mixin) fabric-item-group-api-v1.mixins.json:ItemGroupMixin from mod fabric-item-group-api-v1->@Inject::getStacks(Lnet/minecraft/world/item/CreativeModeTab$ItemDisplayParameters;Lorg/spongepowered/asm/mixin/injection/callback/CallbackInfo;)V has 0 override(s) in child classes
[12:48:24] [main/DEBUG] (FabricLoader/Mixin) fabric-item-group-api-v1.mixins.json:ItemGroupMixin from mod fabric-item-group-api-v1->@Inject::getStacks(Lnet/minecraft/world/item/CreativeModeTab$ItemDisplayParameters;Lorg/spongepowered/asm/mixin/injection/callback/CallbackInfo;)V won't be passed a CallbackInfo as a result
[12:48:24] [main/DEBUG] (FabricLoader/Mixin) Mixing FireBlockMixin from fabric-content-registries-v0.mixins.json into net.minecraft.world.level.block.FireBlock
[12:48:24] [main/DEBUG] (FabricLoader/Mixin) fabric-content-registries-v0.mixins.json:FireBlockMixin from mod fabric-content-registries-v0->@Inject::afterConstruct(Lnet/minecraft/world/level/block/state/BlockBehaviour$Properties;Lorg/spongepowered/asm/mixin/injection/callback/CallbackInfo;)V doesn't use it's CallbackInfo
[12:48:24] [main/DEBUG] (FabricLoader/Mixin) fabric-content-registries-v0.mixins.json:FireBlockMixin from mod fabric-content-registries-v0->@Inject::afterConstruct(Lnet/minecraft/world/level/block/state/BlockBehaviour$Properties;Lorg/spongepowered/asm/mixin/injection/callback/CallbackInfo;)V has 0 override(s) in child classes
[12:48:24] [main/DEBUG] (FabricLoader/Mixin) fabric-content-registries-v0.mixins.json:FireBlockMixin from mod fabric-content-registries-v0->@Inject::afterConstruct(Lnet/minecraft/world/level/block/state/BlockBehaviour$Properties;Lorg/spongepowered/asm/mixin/injection/callback/CallbackInfo;)V won't be passed a CallbackInfo as a result
[12:48:24] [main/DEBUG] (FabricLoader/Mixin) fabric-content-registries-v0.mixins.json:FireBlockMixin from mod fabric-content-registries-v0->@Inject::getFabricBurnChance(Lnet/minecraft/world/level/block/state/BlockState;Lorg/spongepowered/asm/mixin/injection/callback/CallbackInfoReturnable;)V does use it's CallbackInfoReturnable
[12:48:24] [main/DEBUG] (FabricLoader/Mixin) fabric-content-registries-v0.mixins.json:FireBlockMixin from mod fabric-content-registries-v0->@Inject::getFabricSpreadChance(Lnet/minecraft/world/level/block/state/BlockState;Lorg/spongepowered/asm/mixin/injection/callback/CallbackInfoReturnable;)V does use it's CallbackInfoReturnable
[12:48:24] [main/DEBUG] (FabricLoader/Mixin) Mixing BlockMixin from fabric-block-api-v1.mixins.json into net.minecraft.world.level.block.Block
[12:48:24] [main/DEBUG] (FabricLoader/Mixin) Mixing AbstractBlockAccessor from fabric-content-registries-v0.mixins.json into net.minecraft.world.level.block.state.BlockBehaviour
[12:48:24] [main/DEBUG] (FabricLoader/Mixin) Mixing BlockViewMixin from fabric-block-view-api-v2.mixins.json into net.minecraft.world.level.BlockGetter
[12:48:24] [main/DEBUG] (FabricLoader/Mixin) Mixing EntityMixin from fabric-particles-v1.mixins.json into net.minecraft.world.entity.Entity
[12:48:24] [main/DEBUG] (FabricLoader/Mixin) Mixing AttachmentTargetsMixin from fabric-data-attachment-api-v1.mixins.json into net.minecraft.world.entity.Entity
[12:48:24] [main/DEBUG] (FabricLoader/Mixin) Renaming synthetic method lambda$fabric_readAttachmentsFromNbt$3(Lnet/minecraft/world/level/storage/ValueInput;Lnet/fabricmc/fabric/api/attachment/v1/AttachmentType;Ljava/lang/Object;)V to mdbbab15$fabric-data-attachment-api-v1$lambda$fabric_readAttachmentsFromNbt$3$0 in fabric-data-attachment-api-v1.mixins.json:AttachmentTargetsMixin from mod fabric-data-attachment-api-v1
[12:48:24] [main/DEBUG] (FabricLoader/Mixin) Renaming synthetic method lambda$onAttachedSet$2(Lnet/fabricmc/fabric/api/attachment/v1/AttachmentType;)Lnet/fabricmc/fabric/api/event/Event; to mdbbab15$fabric-data-attachment-api-v1$lambda$onAttachedSet$2$1 in fabric-data-attachment-api-v1.mixins.json:AttachmentTargetsMixin from mod fabric-data-attachment-api-v1
[12:48:24] [main/DEBUG] (FabricLoader/Mixin) Renaming synthetic method lambda$onAttachedSet$1([Lnet/fabricmc/fabric/api/attachment/v1/AttachmentTarget$OnAttachedSet;)Lnet/fabricmc/fabric/api/attachment/v1/AttachmentTarget$OnAttachedSet; to mdbbab15$fabric-data-attachment-api-v1$lambda$onAttachedSet$1$2 in fabric-data-attachment-api-v1.mixins.json:AttachmentTargetsMixin from mod fabric-data-attachment-api-v1
[12:48:24] [main/DEBUG] (FabricLoader/Mixin) Renaming synthetic method lambda$onAttachedSet$0([Lnet/fabricmc/fabric/api/attachment/v1/AttachmentTarget$OnAttachedSet;Ljava/lang/Object;Ljava/lang/Object;)V to mdbbab15$fabric-data-attachment-api-v1$lambda$onAttachedSet$0$3 in fabric-data-attachment-api-v1.mixins.json:AttachmentTargetsMixin from mod fabric-data-attachment-api-v1
[12:48:24] [main/DEBUG] (FabricLoader/Mixin) Mixing EntityMixin from fabric-data-attachment-api-v1.mixins.json into net.minecraft.world.entity.Entity
[12:48:24] [main/DEBUG] (FabricLoader/Mixin) Renaming synthetic method lambda$fabric_syncChange$0(Lnet/fabricmc/fabric/api/attachment/v1/AttachmentSyncPredicate;Lnet/fabricmc/fabric/impl/attachment/sync/s2c/AttachmentSyncPayloadS2C;Lnet/minecraft/server/level/ServerPlayer;)V to mdbbab15$fabric-data-attachment-api-v1$lambda$fabric_syncChange$0$4 in fabric-data-attachment-api-v1.mixins.json:EntityMixin from mod fabric-data-attachment-api-v1
[12:48:24] [main/DEBUG] (FabricLoader/Mixin) Mixing EntityMixin from fabric-entity-events-v1.mixins.json into net.minecraft.world.entity.Entity
[12:48:24] [main/DEBUG] (FabricLoader/Mixin) fabric-data-attachment-api-v1.mixins.json:EntityMixin from mod fabric-data-attachment-api-v1->@Inject::readEntityAttachments(Lnet/minecraft/world/level/storage/ValueInput;Lorg/spongepowered/asm/mixin/injection/callback/CallbackInfo;)V doesn't use it's CallbackInfo
[12:48:24] [main/DEBUG] (FabricLoader/Mixin) fabric-data-attachment-api-v1.mixins.json:EntityMixin from mod fabric-data-attachment-api-v1->@Inject::readEntityAttachments(Lnet/minecraft/world/level/storage/ValueInput;Lorg/spongepowered/asm/mixin/injection/callback/CallbackInfo;)V has 0 override(s) in child classes
[12:48:24] [main/DEBUG] (FabricLoader/Mixin) fabric-data-attachment-api-v1.mixins.json:EntityMixin from mod fabric-data-attachment-api-v1->@Inject::readEntityAttachments(Lnet/minecraft/world/level/storage/ValueInput;Lorg/spongepowered/asm/mixin/injection/callback/CallbackInfo;)V won't be passed a CallbackInfo as a result
[12:48:24] [main/DEBUG] (FabricLoader/Mixin) fabric-data-attachment-api-v1.mixins.json:EntityMixin from mod fabric-data-attachment-api-v1->@Inject::writeEntityAttachments(Lnet/minecraft/world/level/storage/ValueOutput;Lorg/spongepowered/asm/mixin/injection/callback/CallbackInfo;)V doesn't use it's CallbackInfo
[12:48:24] [main/DEBUG] (FabricLoader/Mixin) fabric-data-attachment-api-v1.mixins.json:EntityMixin from mod fabric-data-attachment-api-v1->@Inject::writeEntityAttachments(Lnet/minecraft/world/level/storage/ValueOutput;Lorg/spongepowered/asm/mixin/injection/callback/CallbackInfo;)V has 0 override(s) in child classes
[12:48:24] [main/DEBUG] (FabricLoader/Mixin) fabric-data-attachment-api-v1.mixins.json:EntityMixin from mod fabric-data-attachment-api-v1->@Inject::writeEntityAttachments(Lnet/minecraft/world/level/storage/ValueOutput;Lorg/spongepowered/asm/mixin/injection/callback/CallbackInfo;)V won't be passed a CallbackInfo as a result
[12:48:24] [main/DEBUG] (FabricLoader/Mixin) Mixing PlayerEntityMixin from fabric-entity-events-v1.mixins.json into net.minecraft.world.entity.player.Player
[12:48:24] [main/DEBUG] (FabricLoader/Mixin) fabric-entity-events-v1.mixins.json:PlayerEntityMixin from mod fabric-entity-events-v1->@Inject::onTrySleep(Lnet/minecraft/core/BlockPos;Lorg/spongepowered/asm/mixin/injection/callback/CallbackInfoReturnable;)V does use it's CallbackInfoReturnable
[12:48:24] [main/DEBUG] (FabricLoader/Mixin) fabric-entity-events-v1.mixins.json:PlayerEntityMixin from mod fabric-entity-events-v1->@Inject::onIsSleepingLongEnough(Lorg/spongepowered/asm/mixin/injection/callback/CallbackInfoReturnable;)V does use it's CallbackInfoReturnable
[12:48:24] [main/DEBUG] (FabricLoader/Mixin) Mixing LivingEntityMixin from fabric-particles-v1.mixins.json into net.minecraft.world.entity.LivingEntity
[12:48:24] [main/DEBUG] (FabricLoader/Mixin) Mixing LivingEntityMixin from fabric-item-api-v1.mixins.json into net.minecraft.world.entity.LivingEntity
[12:48:24] [main/DEBUG] (FabricLoader/Mixin) Mixing LivingEntityMixin from fabric-lifecycle-events-v1.mixins.json into net.minecraft.world.entity.LivingEntity
[12:48:24] [main/DEBUG] (FabricLoader/Mixin) Mixing LivingEntityMixin from fabric-block-api-v1.mixins.json into net.minecraft.world.entity.LivingEntity
[12:48:24] [main/DEBUG] (FabricLoader/Mixin) Mixing LivingEntityMixin from fabric-entity-events-v1.mixins.json into net.minecraft.world.entity.LivingEntity
[12:48:24] [main/DEBUG] (FabricLoader/Mixin) Mixing elytra.LivingEntityMixin from fabric-entity-events-v1.mixins.json into net.minecraft.world.entity.LivingEntity
[12:48:24] [main/DEBUG] (FabricLoader/Mixin) fabric-item-api-v1.mixins.json:LivingEntityMixin from mod fabric-item-api-v1->@Inject::onGetPreferredEquipmentSlot(Lnet/minecraft/world/item/ItemStack;Lorg/spongepowered/asm/mixin/injection/callback/CallbackInfoReturnable;)V does use it's CallbackInfoReturnable
[12:48:24] [main/DEBUG] (FabricLoader/Mixin) fabric-lifecycle-events-v1.mixins.json:LivingEntityMixin from mod fabric-lifecycle-events-v1->@Inject::getEquipmentChanges(Lorg/spongepowered/asm/mixin/injection/callback/CallbackInfoReturnable;)V doesn't use it's CallbackInfoReturnable
[12:48:24] [main/DEBUG] (FabricLoader/Mixin) fabric-lifecycle-events-v1.mixins.json:LivingEntityMixin from mod fabric-lifecycle-events-v1->@Inject::getEquipmentChanges(Lorg/spongepowered/asm/mixin/injection/callback/CallbackInfoReturnable;)V has 0 override(s) in child classes
[12:48:24] [main/DEBUG] (FabricLoader/Mixin) fabric-lifecycle-events-v1.mixins.json:LivingEntityMixin from mod fabric-lifecycle-events-v1->@Inject::getEquipmentChanges(Lorg/spongepowered/asm/mixin/injection/callback/CallbackInfoReturnable;)V won't be passed a CallbackInfoReturnable as a result
[12:48:24] [main/DEBUG] (FabricLoader/Mixin) fabric-block-api-v1.mixins.json:LivingEntityMixin from mod fabric-block-api-v1->@Inject::allowTaggedBlocksForTrapdoorClimbing(Lnet/minecraft/core/BlockPos;Lnet/minecraft/world/level/block/state/BlockState;Lorg/spongepowered/asm/mixin/injection/callback/CallbackInfoReturnable;)V does use it's CallbackInfoReturnable
[12:48:24] [main/DEBUG] (FabricLoader/Mixin) fabric-entity-events-v1.mixins.json:LivingEntityMixin from mod fabric-entity-events-v1->@Inject::notifyDeath(Lnet/minecraft/world/damagesource/DamageSource;Lorg/spongepowered/asm/mixin/injection/callback/CallbackInfo;)V doesn't use it's CallbackInfo
[12:48:24] [main/DEBUG] (FabricLoader/Mixin) fabric-entity-events-v1.mixins.json:LivingEntityMixin from mod fabric-entity-events-v1->@Inject::notifyDeath(Lnet/minecraft/world/damagesource/DamageSource;Lorg/spongepowered/asm/mixin/injection/callback/CallbackInfo;)V has 0 override(s) in child classes
[12:48:24] [main/DEBUG] (FabricLoader/Mixin) fabric-entity-events-v1.mixins.json:LivingEntityMixin from mod fabric-entity-events-v1->@Inject::notifyDeath(Lnet/minecraft/world/damagesource/DamageSource;Lorg/spongepowered/asm/mixin/injection/callback/CallbackInfo;)V won't be passed a CallbackInfo as a result
[12:48:24] [main/DEBUG] (FabricLoader/Mixin) fabric-entity-events-v1.mixins.json:LivingEntityMixin from mod fabric-entity-events-v1->@Inject::beforeDamage(Lnet/minecraft/server/level/ServerLevel;Lnet/minecraft/world/damagesource/DamageSource;FLorg/spongepowered/asm/mixin/injection/callback/CallbackInfoReturnable;)V does use it's CallbackInfoReturnable
[12:48:24] [main/DEBUG] (FabricLoader/Mixin) fabric-entity-events-v1.mixins.json:LivingEntityMixin from mod fabric-entity-events-v1->@Inject::afterDamage(Lnet/minecraft/server/level/ServerLevel;Lnet/minecraft/world/damagesource/DamageSource;FLorg/spongepowered/asm/mixin/injection/callback/CallbackInfoReturnable;)V doesn't use it's CallbackInfoReturnable
[12:48:24] [main/DEBUG] (FabricLoader/Mixin) fabric-entity-events-v1.mixins.json:LivingEntityMixin from mod fabric-entity-events-v1->@Inject::afterDamage(Lnet/minecraft/server/level/ServerLevel;Lnet/minecraft/world/damagesource/DamageSource;FLorg/spongepowered/asm/mixin/injection/callback/CallbackInfoReturnable;)V has 0 override(s) in child classes
[12:48:24] [main/DEBUG] (FabricLoader/Mixin) fabric-entity-events-v1.mixins.json:LivingEntityMixin from mod fabric-entity-events-v1->@Inject::afterDamage(Lnet/minecraft/server/level/ServerLevel;Lnet/minecraft/world/damagesource/DamageSource;FLorg/spongepowered/asm/mixin/injection/callback/CallbackInfoReturnable;)V won't be passed a CallbackInfoReturnable as a result
[12:48:24] [main/DEBUG] (FabricLoader/Mixin) fabric-entity-events-v1.mixins.json:LivingEntityMixin from mod fabric-entity-events-v1->@Inject::onSleep(Lnet/minecraft/core/BlockPos;Lorg/spongepowered/asm/mixin/injection/callback/CallbackInfo;)V doesn't use it's CallbackInfo
[12:48:24] [main/DEBUG] (FabricLoader/Mixin) fabric-entity-events-v1.mixins.json:LivingEntityMixin from mod fabric-entity-events-v1->@Inject::onSleep(Lnet/minecraft/core/BlockPos;Lorg/spongepowered/asm/mixin/injection/callback/CallbackInfo;)V has 0 override(s) in child classes
[12:48:24] [main/DEBUG] (FabricLoader/Mixin) fabric-entity-events-v1.mixins.json:LivingEntityMixin from mod fabric-entity-events-v1->@Inject::onSleep(Lnet/minecraft/core/BlockPos;Lorg/spongepowered/asm/mixin/injection/callback/CallbackInfo;)V won't be passed a CallbackInfo as a result
[12:48:24] [main/DEBUG] (FabricLoader/Mixin) fabric-entity-events-v1.mixins.json:LivingEntityMixin from mod fabric-entity-events-v1->@Inject::onWakeUp(Lorg/spongepowered/asm/mixin/injection/callback/CallbackInfo;)V doesn't use it's CallbackInfo
[12:48:24] [main/DEBUG] (FabricLoader/Mixin) fabric-entity-events-v1.mixins.json:LivingEntityMixin from mod fabric-entity-events-v1->@Inject::onWakeUp(Lorg/spongepowered/asm/mixin/injection/callback/CallbackInfo;)V has 0 override(s) in child classes
[12:48:24] [main/DEBUG] (FabricLoader/Mixin) fabric-entity-events-v1.mixins.json:LivingEntityMixin from mod fabric-entity-events-v1->@Inject::onWakeUp(Lorg/spongepowered/asm/mixin/injection/callback/CallbackInfo;)V won't be passed a CallbackInfo as a result
[12:48:24] [main/DEBUG] (FabricLoader/Mixin) fabric-entity-events-v1.mixins.json:LivingEntityMixin from mod fabric-entity-events-v1->@Inject::onIsSleepingInBed(Lnet/minecraft/core/BlockPos;Lorg/spongepowered/asm/mixin/injection/callback/CallbackInfoReturnable;)V does use it's CallbackInfoReturnable
[12:48:24] [main/DEBUG] (FabricLoader/Mixin) fabric-entity-events-v1.mixins.json:elytra.LivingEntityMixin from mod fabric-entity-events-v1->@Inject::injectElytraTick(Lorg/spongepowered/asm/mixin/injection/callback/CallbackInfo;)V does use it's CallbackInfo
[12:48:24] [main/DEBUG] (FabricLoader/Mixin) fabric-entity-events-v1.mixins.json:elytra.LivingEntityMixin from mod fabric-entity-events-v1->@Inject::injectElytraCheck(Lorg/spongepowered/asm/mixin/injection/callback/CallbackInfoReturnable;)V does use it's CallbackInfoReturnable
[12:48:24] [main/DEBUG] (FabricLoader/Mixin) Mixing WorldViewMixin from fabric-block-view-api-v2.mixins.json into net.minecraft.world.level.LevelReader
[12:48:24] [main/DEBUG] (FabricLoader/Mixin) Mixing AttachmentTargetsMixin from fabric-data-attachment-api-v1.mixins.json into net.minecraft.world.level.Level
[12:48:24] [main/DEBUG] (FabricLoader/Mixin) Mixing WorldMixin from fabric-data-attachment-api-v1.mixins.json into net.minecraft.world.level.Level
[12:48:24] [main/DEBUG] (FabricLoader/Mixin) Mixing WorldMixin from fabric-lifecycle-events-v1.mixins.json into net.minecraft.world.level.Level
[12:48:24] [main/DEBUG] (FabricLoader/Mixin) Mixing ServerWorldMixin from fabric-api-lookup-api-v1.mixins.json into net.minecraft.server.level.ServerLevel
[12:48:24] [main/DEBUG] (FabricLoader/Mixin) Renaming synthetic method lambda$fabric_invalidateCache$5(Ljava/util/Map$Entry;)Z to mdbbab15$fabric-api-lookup-api-v1$lambda$fabric_invalidateCache$5$0 in fabric-api-lookup-api-v1.mixins.json:ServerWorldMixin from mod fabric-api-lookup-api-v1
[12:48:24] [main/DEBUG] (FabricLoader/Mixin) Renaming synthetic method lambda$fabric_invalidateCache$4(Ljava/lang/ref/WeakReference;)Z to mdbbab15$fabric-api-lookup-api-v1$lambda$fabric_invalidateCache$4$1 in fabric-api-lookup-api-v1.mixins.json:ServerWorldMixin from mod fabric-api-lookup-api-v1
[12:48:24] [main/DEBUG] (FabricLoader/Mixin) Renaming synthetic method lambda$fabric_invalidateCache$3(Ljava/lang/ref/WeakReference;)V to mdbbab15$fabric-api-lookup-api-v1$lambda$fabric_invalidateCache$3$2 in fabric-api-lookup-api-v1.mixins.json:ServerWorldMixin from mod fabric-api-lookup-api-v1
[12:48:24] [main/DEBUG] (FabricLoader/Mixin) Renaming synthetic method lambda$fabric_invalidateCache$2(Ljava/lang/ref/WeakReference;)Z to mdbbab15$fabric-api-lookup-api-v1$lambda$fabric_invalidateCache$2$3 in fabric-api-lookup-api-v1.mixins.json:ServerWorldMixin from mod fabric-api-lookup-api-v1
[12:48:24] [main/DEBUG] (FabricLoader/Mixin) Renaming synthetic method lambda$fabric_registerCache$1(Ljava/lang/ref/WeakReference;)Z to mdbbab15$fabric-api-lookup-api-v1$lambda$fabric_registerCache$1$4 in fabric-api-lookup-api-v1.mixins.json:ServerWorldMixin from mod fabric-api-lookup-api-v1
[12:48:24] [main/DEBUG] (FabricLoader/Mixin) Renaming synthetic method lambda$fabric_registerCache$0(Lnet/minecraft/core/BlockPos;)Ljava/util/List; to mdbbab15$fabric-api-lookup-api-v1$lambda$fabric_registerCache$0$5 in fabric-api-lookup-api-v1.mixins.json:ServerWorldMixin from mod fabric-api-lookup-api-v1
[12:48:24] [main/DEBUG] (FabricLoader/Mixin) Mixing ServerWorldMixin from fabric-data-attachment-api-v1.mixins.json into net.minecraft.server.level.ServerLevel
[12:48:24] [main/DEBUG] (FabricLoader/Mixin) Renaming synthetic method lambda$fabric_syncChange$1(Lnet/fabricmc/fabric/api/attachment/v1/AttachmentType;Lnet/fabricmc/fabric/impl/attachment/sync/s2c/AttachmentSyncPayloadS2C;Lnet/minecraft/server/level/ServerPlayer;)V to mdbbab15$fabric-data-attachment-api-v1$lambda$fabric_syncChange$1$6 in fabric-data-attachment-api-v1.mixins.json:ServerWorldMixin from mod fabric-data-attachment-api-v1
[12:48:24] [main/DEBUG] (FabricLoader/Mixin) Renaming synthetic method lambda$createAttachmentsPersistentState$0(Lnet/minecraft/server/level/ServerLevel;)Lnet/fabricmc/fabric/impl/attachment/AttachmentPersistentState; to mdbbab15$fabric-data-attachment-api-v1$lambda$createAttachmentsPersistentState$0$7 in fabric-data-attachment-api-v1.mixins.json:ServerWorldMixin from mod fabric-data-attachment-api-v1
[12:48:24] [main/DEBUG] (FabricLoader/Mixin) Mixing ServerWorldMixin from fabric-lifecycle-events-v1.mixins.json into net.minecraft.server.level.ServerLevel
[12:48:24] [main/DEBUG] (FabricLoader/Mixin) fabric-data-attachment-api-v1.mixins.json:ServerWorldMixin from mod fabric-data-attachment-api-v1->@Inject::createAttachmentsPersistentState(Lorg/spongepowered/asm/mixin/injection/callback/CallbackInfo;)V doesn't use it's CallbackInfo
[12:48:24] [main/DEBUG] (FabricLoader/Mixin) fabric-data-attachment-api-v1.mixins.json:ServerWorldMixin from mod fabric-data-attachment-api-v1->@Inject::createAttachmentsPersistentState(Lorg/spongepowered/asm/mixin/injection/callback/CallbackInfo;)V has 0 override(s) in child classes
[12:48:24] [main/DEBUG] (FabricLoader/Mixin) fabric-data-attachment-api-v1.mixins.json:ServerWorldMixin from mod fabric-data-attachment-api-v1->@Inject::createAttachmentsPersistentState(Lorg/spongepowered/asm/mixin/injection/callback/CallbackInfo;)V won't be passed a CallbackInfo as a result
[12:48:24] [main/DEBUG] (FabricLoader/Mixin) fabric-lifecycle-events-v1.mixins.json:ServerWorldMixin from mod fabric-lifecycle-events-v1->@Inject::startWorldTick(Ljava/util/function/BooleanSupplier;Lorg/spongepowered/asm/mixin/injection/callback/CallbackInfo;)V doesn't use it's CallbackInfo
[12:48:24] [main/DEBUG] (FabricLoader/Mixin) fabric-lifecycle-events-v1.mixins.json:ServerWorldMixin from mod fabric-lifecycle-events-v1->@Inject::startWorldTick(Ljava/util/function/BooleanSupplier;Lorg/spongepowered/asm/mixin/injection/callback/CallbackInfo;)V has 0 override(s) in child classes
[12:48:24] [main/DEBUG] (FabricLoader/Mixin) fabric-lifecycle-events-v1.mixins.json:ServerWorldMixin from mod fabric-lifecycle-events-v1->@Inject::startWorldTick(Ljava/util/function/BooleanSupplier;Lorg/spongepowered/asm/mixin/injection/callback/CallbackInfo;)V won't be passed a CallbackInfo as a result
[12:48:24] [main/DEBUG] (FabricLoader/Mixin) fabric-lifecycle-events-v1.mixins.json:ServerWorldMixin from mod fabric-lifecycle-events-v1->@Inject::endWorldTick(Ljava/util/function/BooleanSupplier;Lorg/spongepowered/asm/mixin/injection/callback/CallbackInfo;)V doesn't use it's CallbackInfo
[12:48:24] [main/DEBUG] (FabricLoader/Mixin) fabric-lifecycle-events-v1.mixins.json:ServerWorldMixin from mod fabric-lifecycle-events-v1->@Inject::endWorldTick(Ljava/util/function/BooleanSupplier;Lorg/spongepowered/asm/mixin/injection/callback/CallbackInfo;)V has 0 override(s) in child classes
[12:48:24] [main/DEBUG] (FabricLoader/Mixin) fabric-lifecycle-events-v1.mixins.json:ServerWorldMixin from mod fabric-lifecycle-events-v1->@Inject::endWorldTick(Ljava/util/function/BooleanSupplier;Lorg/spongepowered/asm/mixin/injection/callback/CallbackInfo;)V won't be passed a CallbackInfo as a result
[12:48:24] [main/DEBUG] (FabricLoader/Mixin) Mixing BlockStateMixin from fabric-block-api-v1.mixins.json into net.minecraft.world.level.block.state.BlockState
[12:48:24] [main/DEBUG] (FabricLoader/Mixin) Mixing AbstractBlockAbstractBlockStateMixin from fabric-content-registries-v0.mixins.json into net.minecraft.world.level.block.state.BlockBehaviour$BlockStateBase
[12:48:24] [main/DEBUG] (FabricLoader/Mixin) Mixing IdListMixin from fabric-registry-sync-v0.mixins.json into net.minecraft.core.IdMapper
[12:48:24] [main/DEBUG] (FabricLoader/Mixin) Renaming synthetic method lambda$fabric_remapIds$0(Lit/unimi/dsi/fastutil/ints/Int2IntMap;Ljava/lang/Object;Ljava/lang/Integer;)Ljava/lang/Integer; to mdbbab15$fabric-registry-sync-v0$lambda$fabric_remapIds$0$0 in fabric-registry-sync-v0.mixins.json:IdListMixin from mod fabric-registry-sync-v0
[12:48:24] [main/DEBUG] (FabricLoader/Mixin) Mixing RegistryByteBufMixin from fabric-networking-api-v1.mixins.json into net.minecraft.network.RegistryFriendlyByteBuf
[12:48:24] [main/DEBUG] (FabricLoader/Mixin) Mixing BlocksMixin from fabric-registry-sync-v0.mixins.json into net.minecraft.world.level.block.Blocks
[12:48:24] [main/DEBUG] (FabricLoader/Mixin) Renaming synthetic method lambda$initShapeCache$0(ILnet/minecraft/resources/ResourceLocation;Lnet/minecraft/world/level/block/Block;)V to mdbbab15$fabric-registry-sync-v0$lambda$initShapeCache$0$0 in fabric-registry-sync-v0.mixins.json:BlocksMixin from mod fabric-registry-sync-v0
[12:48:24] [main/DEBUG] (FabricLoader/Mixin) fabric-registry-sync-v0.mixins.json:BlocksMixin from mod fabric-registry-sync-v0->@Inject::initShapeCache(Lorg/spongepowered/asm/mixin/injection/callback/CallbackInfo;)V doesn't use it's CallbackInfo
[12:48:24] [main/DEBUG] (FabricLoader/Mixin) Mixing OxidizableMixin from fabric-content-registries-v0.mixins.json into net.minecraft.world.level.block.WeatheringCopper
[12:48:24] [main/DEBUG] (FabricLoader/Mixin) fabric-content-registries-v0.mixins.json:OxidizableMixin from mod fabric-content-registries-v0->@Inject::createOxidationLevelIncreasesMap(Lorg/spongepowered/asm/mixin/injection/callback/CallbackInfoReturnable;)V does use it's CallbackInfoReturnable
[12:48:24] [main/DEBUG] (FabricLoader/Mixin) Mixing EntityTypeMixin from fabric-object-builder-v1.mixins.json into net.minecraft.world.entity.EntityType
[12:48:24] [main/DEBUG] (FabricLoader/Mixin) fabric-object-builder-v1.mixins.json:EntityTypeMixin from mod fabric-object-builder-api-v1->@Inject::onAlwaysUpdateVelocity(Lorg/spongepowered/asm/mixin/injection/callback/CallbackInfoReturnable;)V does use it's CallbackInfoReturnable
[12:48:24] [main/DEBUG] (FabricLoader/Mixin) fabric-object-builder-v1.mixins.json:EntityTypeMixin from mod fabric-object-builder-api-v1->@Inject::onCanPotentiallyExecuteCommands(Lorg/spongepowered/asm/mixin/injection/callback/CallbackInfoReturnable;)V does use it's CallbackInfoReturnable
[12:48:24] [main/DEBUG] (FabricLoader/Mixin) Mixing FluidMixin from fabric-transfer-api-v1.mixins.json into net.minecraft.world.level.material.Fluid
[12:48:24] [main/DEBUG] (FabricLoader/Mixin) fabric-transfer-api-v1.mixins.json:FluidMixin from mod fabric-transfer-api-v1->@Inject::hookGetBucketFillSound(Lorg/spongepowered/asm/mixin/injection/callback/CallbackInfoReturnable;)V does use it's CallbackInfoReturnable
[12:48:25] [main/DEBUG] (FabricLoader/Mixin) Mixing ComponentMapBuilderMixin from fabric-item-api-v1.mixins.json into net.minecraft.core.component.DataComponentMap$Builder
[12:48:25] [main/DEBUG] (FabricLoader/Mixin) Mixing AttachmentTargetsMixin from fabric-data-attachment-api-v1.mixins.json into net.minecraft.world.level.block.entity.BlockEntity
[12:48:25] [main/DEBUG] (FabricLoader/Mixin) Mixing BlockEntityMixin from fabric-data-attachment-api-v1.mixins.json into net.minecraft.world.level.block.entity.BlockEntity
[12:48:25] [main/DEBUG] (FabricLoader/Mixin) Renaming synthetic method lambda$fabric_syncChange$0(Lnet/fabricmc/fabric/api/attachment/v1/AttachmentType;Lnet/fabricmc/fabric/impl/attachment/sync/s2c/AttachmentSyncPayloadS2C;Lnet/minecraft/server/level/ServerPlayer;)V to mdbbab15$fabric-data-attachment-api-v1$lambda$fabric_syncChange$0$0 in fabric-data-attachment-api-v1.mixins.json:BlockEntityMixin from mod fabric-data-attachment-api-v1
[12:48:25] [main/DEBUG] (FabricLoader/Mixin) Mixing BlockEntityMixin from fabric-block-view-api-v2.mixins.json into net.minecraft.world.level.block.entity.BlockEntity
[12:48:25] [main/DEBUG] (FabricLoader/Mixin) fabric-data-attachment-api-v1.mixins.json:BlockEntityMixin from mod fabric-data-attachment-api-v1->@Inject::readBlockEntityAttachments(Lnet/minecraft/world/level/storage/ValueInput;Lorg/spongepowered/asm/mixin/injection/callback/CallbackInfo;)V doesn't use it's CallbackInfo
[12:48:25] [main/DEBUG] (FabricLoader/Mixin) fabric-data-attachment-api-v1.mixins.json:BlockEntityMixin from mod fabric-data-attachment-api-v1->@Inject::readBlockEntityAttachments(Lnet/minecraft/world/level/storage/ValueInput;Lorg/spongepowered/asm/mixin/injection/callback/CallbackInfo;)V has 0 override(s) in child classes
[12:48:25] [main/DEBUG] (FabricLoader/Mixin) fabric-data-attachment-api-v1.mixins.json:BlockEntityMixin from mod fabric-data-attachment-api-v1->@Inject::readBlockEntityAttachments(Lnet/minecraft/world/level/storage/ValueInput;Lorg/spongepowered/asm/mixin/injection/callback/CallbackInfo;)V won't be passed a CallbackInfo as a result
[12:48:25] [main/DEBUG] (FabricLoader/Mixin) fabric-data-attachment-api-v1.mixins.json:BlockEntityMixin from mod fabric-data-attachment-api-v1->@Inject::writeBlockEntityAttachments(Lnet/minecraft/world/level/storage/ValueOutput;Lorg/spongepowered/asm/mixin/injection/callback/CallbackInfo;)V doesn't use it's CallbackInfo
[12:48:25] [main/DEBUG] (FabricLoader/Mixin) fabric-data-attachment-api-v1.mixins.json:BlockEntityMixin from mod fabric-data-attachment-api-v1->@Inject::writeBlockEntityAttachments(Lnet/minecraft/world/level/storage/ValueOutput;Lorg/spongepowered/asm/mixin/injection/callback/CallbackInfo;)V has 0 override(s) in child classes
[12:48:25] [main/DEBUG] (FabricLoader/Mixin) fabric-data-attachment-api-v1.mixins.json:BlockEntityMixin from mod fabric-data-attachment-api-v1->@Inject::writeBlockEntityAttachments(Lnet/minecraft/world/level/storage/ValueOutput;Lorg/spongepowered/asm/mixin/injection/callback/CallbackInfo;)V won't be passed a CallbackInfo as a result
[12:48:25] [main/DEBUG] (FabricLoader/Mixin) Mixing BlockStateParticleEffectMixin from fabric-particles-v1.mixins.json into net.minecraft.core.particles.BlockParticleOption
[12:48:25] [main/DEBUG] (FabricLoader/Mixin) Mixing NamedScreenHandlerFactoryMixin from fabric-screen-handler-api-v1.mixins.json into net.minecraft.world.MenuProvider
[12:48:25] [main/DEBUG] (FabricLoader/Mixin) Mixing LockableContainerBlockEntityMixin from fabric-transfer-api-v1.mixins.json into net.minecraft.world.level.block.entity.BaseContainerBlockEntity
[12:48:25] [main/DEBUG] (FabricLoader/Mixin) Mixing DetectorRailBlockMixin from fabric-object-builder-v1.mixins.json into net.minecraft.world.level.block.DetectorRailBlock
[12:48:25] [main/DEBUG] (FabricLoader/Mixin) Renaming synthetic method lambda$getCustomComparatorOutput$0(Lnet/minecraft/world/entity/Entity;)Z to mdbbab15$fabric-object-builder-api-v1$lambda$getCustomComparatorOutput$0$0 in fabric-object-builder-v1.mixins.json:DetectorRailBlockMixin from mod fabric-object-builder-api-v1
[12:48:25] [main/DEBUG] (FabricLoader/Mixin) fabric-object-builder-v1.mixins.json:DetectorRailBlockMixin from mod fabric-object-builder-api-v1->@Inject::getCustomComparatorOutput(Lnet/minecraft/world/level/block/state/BlockState;Lnet/minecraft/world/level/Level;Lnet/minecraft/core/BlockPos;Lnet/minecraft/core/Direction;Lorg/spongepowered/asm/mixin/injection/callback/CallbackInfoReturnable;)V does use it's CallbackInfoReturnable
[12:48:25] [main/DEBUG] (FabricLoader/Mixin) Mixing MobEntityMixin from fabric-entity-events-v1.mixins.json into net.minecraft.world.entity.Mob
[12:48:25] [main/DEBUG] (FabricLoader/Mixin) Mixing ChiseledBookshelfBlockEntityMixin from fabric-transfer-api-v1.mixins.json into net.minecraft.world.level.block.entity.ChiseledBookShelfBlockEntity
[12:48:25] [main/DEBUG] (FabricLoader/Mixin) fabric-transfer-api-v1.mixins.json:ChiseledBookshelfBlockEntityMixin from mod fabric-transfer-api-v1->@Inject::setStackBypass(ILnet/minecraft/world/item/ItemStack;Lorg/spongepowered/asm/mixin/injection/callback/CallbackInfo;)V does use it's CallbackInfo
[12:48:25] [main/DEBUG] (FabricLoader/Mixin) Mixing ListInventoryMixin from fabric-transfer-api-v1.mixins.json into net.minecraft.world.level.block.entity.ListBackedContainer
[12:48:25] [main/DEBUG] (FabricLoader/Mixin) Mixing ShelfBlockEntityMixin from fabric-transfer-api-v1.mixins.json into net.minecraft.world.level.block.entity.ShelfBlockEntity
[12:48:25] [main/DEBUG] (FabricLoader/Mixin) Mixing BlockEntityTypeAccessor from fabric-api-lookup-api-v1.mixins.json into net.minecraft.world.level.block.entity.BlockEntityType
[12:48:25] [main/DEBUG] (FabricLoader/Mixin) Mixing BlockEntityTypeMixin from fabric-object-builder-v1.mixins.json into net.minecraft.world.level.block.entity.BlockEntityType
[12:48:25] [main/DEBUG] (FabricLoader/Mixin) fabric-object-builder-v1.mixins.json:BlockEntityTypeMixin from mod fabric-object-builder-api-v1->@Inject::mutableBlocks(Lnet/minecraft/world/level/block/entity/BlockEntityType$BlockEntitySupplier;Ljava/util/Set;Lorg/spongepowered/asm/mixin/injection/callback/CallbackInfo;)V doesn't use it's CallbackInfo
[12:48:25] [main/DEBUG] (FabricLoader/Mixin) fabric-object-builder-v1.mixins.json:BlockEntityTypeMixin from mod fabric-object-builder-api-v1->@Inject::mutableBlocks(Lnet/minecraft/world/level/block/entity/BlockEntityType$BlockEntitySupplier;Ljava/util/Set;Lorg/spongepowered/asm/mixin/injection/callback/CallbackInfo;)V has 0 override(s) in child classes
[12:48:25] [main/DEBUG] (FabricLoader/Mixin) fabric-object-builder-v1.mixins.json:BlockEntityTypeMixin from mod fabric-object-builder-api-v1->@Inject::mutableBlocks(Lnet/minecraft/world/level/block/entity/BlockEntityType$BlockEntitySupplier;Ljava/util/Set;Lorg/spongepowered/asm/mixin/injection/callback/CallbackInfo;)V won't be passed a CallbackInfo as a result
[12:48:25] [main/DEBUG] (FabricLoader/Mixin) Mixing AbstractFurnaceBlockEntityMixin from fabric-item-api-v1.mixins.json into net.minecraft.world.level.block.entity.AbstractFurnaceBlockEntity
[12:48:25] [main/DEBUG] (FabricLoader/Mixin) Mixing AbstractFurnaceBlockEntityMixin from fabric-transfer-api-v1.mixins.json into net.minecraft.world.level.block.entity.AbstractFurnaceBlockEntity
[12:48:25] [main/DEBUG] (FabricLoader/Mixin) fabric-item-api-v1.mixins.json:AbstractFurnaceBlockEntityMixin from mod fabric-item-api-v1->@Inject::getStackRemainder(Lnet/minecraft/server/level/ServerLevel;Lnet/minecraft/core/BlockPos;Lnet/minecraft/world/level/block/state/BlockState;Lnet/minecraft/world/level/block/entity/AbstractFurnaceBlockEntity;Lorg/spongepowered/asm/mixin/injection/callback/CallbackInfo;)V doesn't use it's CallbackInfo
[12:48:25] [main/DEBUG] (FabricLoader/Mixin) fabric-transfer-api-v1.mixins.json:AbstractFurnaceBlockEntityMixin from mod fabric-transfer-api-v1->@Inject::setStackSuppressUpdate(ILnet/minecraft/world/item/ItemStack;Lorg/spongepowered/asm/mixin/injection/callback/CallbackInfo;)V does use it's CallbackInfo
[12:48:25] [main/DEBUG] (FabricLoader/Mixin) Mixing JukeboxBlockEntityMixin from fabric-transfer-api-v1.mixins.json into net.minecraft.world.level.block.entity.JukeboxBlockEntity
[12:48:25] [main/DEBUG] (FabricLoader/Mixin) fabric-transfer-api-v1.mixins.json:JukeboxBlockEntityMixin from mod fabric-transfer-api-v1->@Inject::setStackBypass(Lnet/minecraft/world/item/ItemStack;Lorg/spongepowered/asm/mixin/injection/callback/CallbackInfo;)V does use it's CallbackInfo
[12:48:25] [main/DEBUG] (FabricLoader/Mixin) Mixing BrewingStandBlockEntityMixin from fabric-item-api-v1.mixins.json into net.minecraft.world.level.block.entity.BrewingStandBlockEntity
[12:48:25] [main/DEBUG] (FabricLoader/Mixin) fabric-item-api-v1.mixins.json:BrewingStandBlockEntityMixin from mod fabric-item-api-v1->@Inject::captureItemStack(Lnet/minecraft/world/level/Level;Lnet/minecraft/core/BlockPos;Lnet/minecraft/core/NonNullList;Lorg/spongepowered/asm/mixin/injection/callback/CallbackInfo;)V doesn't use it's CallbackInfo
[12:48:25] [main/DEBUG] (FabricLoader/Mixin) Mixing ItemStackMixin from fabric-item-api-v1.mixins.json into net.minecraft.world.item.ItemStack
[12:48:25] [main/DEBUG] (FabricLoader/Mixin) Renaming synthetic method lambda$hookDamage$0(Lorg/apache/commons/lang3/mutable/MutableBoolean;Ljava/util/function/Consumer;)V to mdbbab15$fabric-item-api-v1$lambda$hookDamage$0$0 in fabric-item-api-v1.mixins.json:ItemStackMixin from mod fabric-item-api-v1
[12:48:25] [main/DEBUG] (FabricLoader/Mixin) fabric-item-api-v1.mixins.json:ItemStackMixin from mod fabric-item-api-v1->@Inject::preAttributeModifiers(Lnet/minecraft/world/item/Item$TooltipContext;Lnet/minecraft/world/item/component/TooltipDisplay;Lnet/minecraft/world/entity/player/Player;Lnet/minecraft/world/item/TooltipFlag;Ljava/util/function/Consumer;Lorg/spongepowered/asm/mixin/injection/callback/CallbackInfo;)V doesn't use it's CallbackInfo
[12:48:25] [main/DEBUG] (FabricLoader/Mixin) fabric-item-api-v1.mixins.json:ItemStackMixin from mod fabric-item-api-v1->@Inject::postTooltipsAdvanced(Lnet/minecraft/world/item/Item$TooltipContext;Lnet/minecraft/world/item/component/TooltipDisplay;Lnet/minecraft/world/entity/player/Player;Lnet/minecraft/world/item/TooltipFlag;Ljava/util/function/Consumer;Lorg/spongepowered/asm/mixin/injection/callback/CallbackInfo;)V doesn't use it's CallbackInfo
[12:48:25] [main/DEBUG] (FabricLoader/Mixin) Mixing AnvilScreenHandlerMixin from fabric-item-api-v1.mixins.json into net.minecraft.world.inventory.AnvilMenu
[12:48:25] [main/DEBUG] (FabricLoader/Mixin) Mixing HopperBlockEntityMixin from fabric-transfer-api-v1.mixins.json into net.minecraft.world.level.block.entity.HopperBlockEntity
[12:48:25] [main/DEBUG] (FabricLoader/Mixin) Renaming synthetic method lambda$hookExtract$1(Lnet/fabricmc/fabric/api/transfer/v1/item/ItemVariant;)Z to mdbbab15$fabric-transfer-api-v1$lambda$hookExtract$1$0 in fabric-transfer-api-v1.mixins.json:HopperBlockEntityMixin from mod fabric-transfer-api-v1
[12:48:25] [main/DEBUG] (FabricLoader/Mixin) Renaming synthetic method lambda$hookInsert$0(Lnet/fabricmc/fabric/api/transfer/v1/item/ItemVariant;)Z to mdbbab15$fabric-transfer-api-v1$lambda$hookInsert$0$1 in fabric-transfer-api-v1.mixins.json:HopperBlockEntityMixin from mod fabric-transfer-api-v1
[12:48:25] [main/DEBUG] (FabricLoader/Mixin) fabric-transfer-api-v1.mixins.json:HopperBlockEntityMixin from mod fabric-transfer-api-v1->@Inject::hookInsert(Lnet/minecraft/world/level/Level;Lnet/minecraft/core/BlockPos;Lnet/minecraft/world/level/block/entity/HopperBlockEntity;Lorg/spongepowered/asm/mixin/injection/callback/CallbackInfoReturnable;)V does use it's CallbackInfoReturnable
[12:48:25] [main/DEBUG] (FabricLoader/Mixin) fabric-transfer-api-v1.mixins.json:HopperBlockEntityMixin from mod fabric-transfer-api-v1->@Inject::hookExtract(Lnet/minecraft/world/level/Level;Lnet/minecraft/world/level/block/entity/Hopper;Lorg/spongepowered/asm/mixin/injection/callback/CallbackInfoReturnable;)V does use it's CallbackInfoReturnable
[12:48:25] [main/DEBUG] (FabricLoader/Mixin) Mixing DropperBlockMixin from fabric-transfer-api-v1.mixins.json into net.minecraft.world.level.block.DropperBlock
[12:48:25] [main/DEBUG] (FabricLoader/Mixin) Renaming synthetic method lambda$hookDispense$0(Lnet/fabricmc/fabric/api/transfer/v1/item/ItemVariant;)Z to mdbbab15$fabric-transfer-api-v1$lambda$hookDispense$0$0 in fabric-transfer-api-v1.mixins.json:DropperBlockMixin from mod fabric-transfer-api-v1
[12:48:25] [main/DEBUG] (FabricLoader/Mixin) fabric-transfer-api-v1.mixins.json:DropperBlockMixin from mod fabric-transfer-api-v1->@Inject::hookDispense(Lnet/minecraft/server/level/ServerLevel;Lnet/minecraft/world/level/block/state/BlockState;Lnet/minecraft/core/BlockPos;Lorg/spongepowered/asm/mixin/injection/callback/CallbackInfo;)V does use it's CallbackInfo
[12:48:26] [main/DEBUG] (FabricLoader/Mixin) Mixing BannerBlockEntityMixin from fabric-data-attachment-api-v1.mixins.json into net.minecraft.world.level.block.entity.BannerBlockEntity
[12:48:26] [main/DEBUG] (FabricLoader/Mixin) Mixing CrafterBlockMixin from fabric-transfer-api-v1.mixins.json into net.minecraft.world.level.block.CrafterBlock
[12:48:26] [main/DEBUG] (FabricLoader/Mixin) fabric-transfer-api-v1.mixins.json:CrafterBlockMixin from mod fabric-transfer-api-v1->@Inject::transferOrSpawnStack(Lnet/minecraft/server/level/ServerLevel;Lnet/minecraft/core/BlockPos;Lnet/minecraft/world/level/block/entity/CrafterBlockEntity;Lnet/minecraft/world/item/ItemStack;Lnet/minecraft/world/level/block/state/BlockState;Lnet/minecraft/world/item/crafting/RecipeHolder;Lorg/spongepowered/asm/mixin/injection/callback/CallbackInfo;)V doesn't use it's CallbackInfo
[12:48:26] [main/DEBUG] (FabricLoader/Mixin) fabric-transfer-api-v1.mixins.json:CrafterBlockMixin from mod fabric-transfer-api-v1->@Inject::transferOrSpawnStack(Lnet/minecraft/server/level/ServerLevel;Lnet/minecraft/core/BlockPos;Lnet/minecraft/world/level/block/entity/CrafterBlockEntity;Lnet/minecraft/world/item/ItemStack;Lnet/minecraft/world/level/block/state/BlockState;Lnet/minecraft/world/item/crafting/RecipeHolder;Lorg/spongepowered/asm/mixin/injection/callback/CallbackInfo;)V has 0 override(s) in child classes
[12:48:26] [main/DEBUG] (FabricLoader/Mixin) fabric-transfer-api-v1.mixins.json:CrafterBlockMixin from mod fabric-transfer-api-v1->@Inject::transferOrSpawnStack(Lnet/minecraft/server/level/ServerLevel;Lnet/minecraft/core/BlockPos;Lnet/minecraft/world/level/block/entity/CrafterBlockEntity;Lnet/minecraft/world/item/ItemStack;Lnet/minecraft/world/level/block/state/BlockState;Lnet/minecraft/world/item/crafting/RecipeHolder;Lorg/spongepowered/asm/mixin/injection/callback/CallbackInfo;)V won't be passed a CallbackInfo as a result
[12:48:26] [main/DEBUG] (FabricLoader/Mixin) fabric-transfer-api-v1.mixins.json:CrafterBlockMixin from mod fabric-transfer-api-v1->@Inject::transferOrSpawnStack(Lnet/minecraft/server/level/ServerLevel;Lnet/minecraft/core/BlockPos;Lnet/minecraft/world/level/block/entity/CrafterBlockEntity;Lnet/minecraft/world/item/ItemStack;Lnet/minecraft/world/level/block/state/BlockState;Lnet/minecraft/world/item/crafting/RecipeHolder;Lorg/spongepowered/asm/mixin/injection/callback/CallbackInfo;)V doesn't use it's CallbackInfo
[12:48:26] [main/DEBUG] (FabricLoader/Mixin) fabric-transfer-api-v1.mixins.json:CrafterBlockMixin from mod fabric-transfer-api-v1->@Inject::transferOrSpawnStack(Lnet/minecraft/server/level/ServerLevel;Lnet/minecraft/core/BlockPos;Lnet/minecraft/world/level/block/entity/CrafterBlockEntity;Lnet/minecraft/world/item/ItemStack;Lnet/minecraft/world/level/block/state/BlockState;Lnet/minecraft/world/item/crafting/RecipeHolder;Lorg/spongepowered/asm/mixin/injection/callback/CallbackInfo;)V has 0 override(s) in child classes
[12:48:26] [main/DEBUG] (FabricLoader/Mixin) fabric-transfer-api-v1.mixins.json:CrafterBlockMixin from mod fabric-transfer-api-v1->@Inject::transferOrSpawnStack(Lnet/minecraft/server/level/ServerLevel;Lnet/minecraft/core/BlockPos;Lnet/minecraft/world/level/block/entity/CrafterBlockEntity;Lnet/minecraft/world/item/ItemStack;Lnet/minecraft/world/level/block/state/BlockState;Lnet/minecraft/world/item/crafting/RecipeHolder;Lorg/spongepowered/asm/mixin/injection/callback/CallbackInfo;)V won't be passed a CallbackInfo as a result
[12:48:26] [main/DEBUG] (FabricLoader/Mixin) fabric-transfer-api-v1.mixins.json:CrafterBlockMixin from mod fabric-transfer-api-v1->@Inject::transferOrSpawnStack(Lnet/minecraft/server/level/ServerLevel;Lnet/minecraft/core/BlockPos;Lnet/minecraft/world/level/block/entity/CrafterBlockEntity;Lnet/minecraft/world/item/ItemStack;Lnet/minecraft/world/level/block/state/BlockState;Lnet/minecraft/world/item/crafting/RecipeHolder;Lorg/spongepowered/asm/mixin/injection/callback/CallbackInfo;)V doesn't use it's CallbackInfo
[12:48:26] [main/DEBUG] (FabricLoader/Mixin) fabric-transfer-api-v1.mixins.json:CrafterBlockMixin from mod fabric-transfer-api-v1->@Inject::transferOrSpawnStack(Lnet/minecraft/server/level/ServerLevel;Lnet/minecraft/core/BlockPos;Lnet/minecraft/world/level/block/entity/CrafterBlockEntity;Lnet/minecraft/world/item/ItemStack;Lnet/minecraft/world/level/block/state/BlockState;Lnet/minecraft/world/item/crafting/RecipeHolder;Lorg/spongepowered/asm/mixin/injection/callback/CallbackInfo;)V has 0 override(s) in child classes
[12:48:26] [main/DEBUG] (FabricLoader/Mixin) fabric-transfer-api-v1.mixins.json:CrafterBlockMixin from mod fabric-transfer-api-v1->@Inject::transferOrSpawnStack(Lnet/minecraft/server/level/ServerLevel;Lnet/minecraft/core/BlockPos;Lnet/minecraft/world/level/block/entity/CrafterBlockEntity;Lnet/minecraft/world/item/ItemStack;Lnet/minecraft/world/level/block/state/BlockState;Lnet/minecraft/world/item/crafting/RecipeHolder;Lorg/spongepowered/asm/mixin/injection/callback/CallbackInfo;)V won't be passed a CallbackInfo as a result
[12:48:26] [main/DEBUG] (FabricLoader/Mixin) fabric-transfer-api-v1.mixins.json:CrafterBlockMixin from mod fabric-transfer-api-v1->@Inject::transferOrSpawnStack(Lnet/minecraft/server/level/ServerLevel;Lnet/minecraft/core/BlockPos;Lnet/minecraft/world/level/block/entity/CrafterBlockEntity;Lnet/minecraft/world/item/ItemStack;Lnet/minecraft/world/level/block/state/BlockState;Lnet/minecraft/world/item/crafting/RecipeHolder;Lorg/spongepowered/asm/mixin/injection/callback/CallbackInfo;)V doesn't use it's CallbackInfo
[12:48:26] [main/DEBUG] (FabricLoader/Mixin) fabric-transfer-api-v1.mixins.json:CrafterBlockMixin from mod fabric-transfer-api-v1->@Inject::transferOrSpawnStack(Lnet/minecraft/server/level/ServerLevel;Lnet/minecraft/core/BlockPos;Lnet/minecraft/world/level/block/entity/CrafterBlockEntity;Lnet/minecraft/world/item/ItemStack;Lnet/minecraft/world/level/block/state/BlockState;Lnet/minecraft/world/item/crafting/RecipeHolder;Lorg/spongepowered/asm/mixin/injection/callback/CallbackInfo;)V has 0 override(s) in child classes
[12:48:26] [main/DEBUG] (FabricLoader/Mixin) fabric-transfer-api-v1.mixins.json:CrafterBlockMixin from mod fabric-transfer-api-v1->@Inject::transferOrSpawnStack(Lnet/minecraft/server/level/ServerLevel;Lnet/minecraft/core/BlockPos;Lnet/minecraft/world/level/block/entity/CrafterBlockEntity;Lnet/minecraft/world/item/ItemStack;Lnet/minecraft/world/level/block/state/BlockState;Lnet/minecraft/world/item/crafting/RecipeHolder;Lorg/spongepowered/asm/mixin/injection/callback/CallbackInfo;)V won't be passed a CallbackInfo as a result
[12:48:26] [main/DEBUG] (FabricLoader/Mixin) Mixing ItemAccessor from fabric-item-api-v1.mixins.json into net.minecraft.world.item.Item
[12:48:26] [main/DEBUG] (FabricLoader/Mixin) Mixing ItemMixin from fabric-item-api-v1.mixins.json into net.minecraft.world.item.Item
[12:48:26] [main/DEBUG] (FabricLoader/Mixin) Mixing ItemMixin from fabric-transfer-api-v1.mixins.json into net.minecraft.world.item.Item
[12:48:26] [main/DEBUG] (FabricLoader/Mixin) fabric-item-api-v1.mixins.json:ItemMixin from mod fabric-item-api-v1->@Inject::onConstruct(Lnet/minecraft/world/item/Item$Properties;Lorg/spongepowered/asm/mixin/injection/callback/CallbackInfo;)V doesn't use it's CallbackInfo
[12:48:26] [main/DEBUG] (FabricLoader/Mixin) fabric-item-api-v1.mixins.json:ItemMixin from mod fabric-item-api-v1->@Inject::onConstruct(Lnet/minecraft/world/item/Item$Properties;Lorg/spongepowered/asm/mixin/injection/callback/CallbackInfo;)V has 0 override(s) in child classes
[12:48:26] [main/DEBUG] (FabricLoader/Mixin) fabric-item-api-v1.mixins.json:ItemMixin from mod fabric-item-api-v1->@Inject::onConstruct(Lnet/minecraft/world/item/Item$Properties;Lorg/spongepowered/asm/mixin/injection/callback/CallbackInfo;)V won't be passed a CallbackInfo as a result
[12:48:27] [main/DEBUG] (FabricLoader/Mixin) Mixing BucketItemAccessor from fabric-transfer-api-v1.mixins.json into net.minecraft.world.item.BucketItem
[12:48:27] [main/DEBUG] (FabricLoader/Mixin) Mixing BucketItemMixin from fabric-transfer-api-v1.mixins.json into net.minecraft.world.item.BucketItem
[12:48:27] [main/DEBUG] (FabricLoader/Mixin) Mixing HoeItemAccessor from fabric-content-registries-v0.mixins.json into net.minecraft.world.item.HoeItem
[12:48:27] [main/DEBUG] (FabricLoader/Mixin) Renaming @Accessor method getTillingActions()Ljava/util/Map; to getTillingActions$fabric-content-registries-v0_$md$bbab15$0 in fabric-content-registries-v0.mixins.json:HoeItemAccessor from mod fabric-content-registries-v0
[12:48:27] [main/DEBUG] (FabricLoader/Mixin) Mixing AxeItemAccessor from fabric-content-registries-v0.mixins.json into net.minecraft.world.item.AxeItem
[12:48:27] [main/DEBUG] (FabricLoader/Mixin) Renaming @Accessor method getStrippedBlocks()Ljava/util/Map; to getStrippedBlocks$fabric-content-registries-v0_$md$bbab15$0 in fabric-content-registries-v0.mixins.json:AxeItemAccessor from mod fabric-content-registries-v0
[12:48:27] [main/DEBUG] (FabricLoader/Mixin) Renaming @Accessor method setStrippedBlocks(Ljava/util/Map;)V to setStrippedBlocks$fabric-content-registries-v0_$md$bbab15$1 in fabric-content-registries-v0.mixins.json:AxeItemAccessor from mod fabric-content-registries-v0
[12:48:27] [main/DEBUG] (FabricLoader/Mixin) Mixing AxeItemMixin from fabric-content-registries-v0.mixins.json into net.minecraft.world.item.AxeItem
[12:48:27] [main/DEBUG] (FabricLoader/Mixin) Renaming synthetic method lambda$handleCustomStrippingBehavior$0(Lnet/fabricmc/fabric/api/registry/StrippableBlockRegistry$StrippingTransformer;Lnet/minecraft/world/level/block/state/BlockState;Lnet/minecraft/world/level/block/Block;)Lnet/minecraft/world/level/block/state/BlockState; to mdbbab15$fabric-content-registries-v0$lambda$handleCustomStrippingBehavior$0$2 in fabric-content-registries-v0.mixins.json:AxeItemMixin from mod fabric-content-registries-v0
[12:48:27] [main/DEBUG] (FabricLoader/Mixin) Mixing ShovelItemAccessor from fabric-content-registries-v0.mixins.json into net.minecraft.world.item.ShovelItem
[12:48:27] [main/DEBUG] (FabricLoader/Mixin) Renaming @Accessor method getPathStates()Ljava/util/Map; to getPathStates$fabric-content-registries-v0_$md$bbab15$0 in fabric-content-registries-v0.mixins.json:ShovelItemAccessor from mod fabric-content-registries-v0
[12:48:27] [main/DEBUG] (FabricLoader/Mixin) Mixing ItemSettingsMixin from fabric-item-api-v1.mixins.json into net.minecraft.world.item.Item$Properties
[12:48:27] [main/DEBUG] (FabricLoader/Mixin) Mixing TagKeyMixin from fabric-convention-tags-api-v2.mixins.json into net.minecraft.tags.TagKey
[12:48:27] [main/DEBUG] (FabricLoader/Mixin) Mixing WriteViewMixin from fabric-serialization-api-v1.mixins.json into net.minecraft.world.level.storage.ValueOutput
[12:48:27] [main/DEBUG] (FabricLoader/Mixin) Mixing BundleContentsComponentAccessor from fabric-transfer-api-v1.mixins.json into net.minecraft.world.item.component.BundleContents
[12:48:27] [main/DEBUG] (FabricLoader/Mixin) Renaming @Invoker method getOccupancy(Lnet/minecraft/world/item/ItemStack;)Lorg/apache/commons/lang3/math/Fraction; to getOccupancy$fabric-transfer-api-v1_$md$bbab15$0 in fabric-transfer-api-v1.mixins.json:BundleContentsComponentAccessor from mod fabric-transfer-api-v1
[12:48:27] [main/DEBUG] (FabricLoader/Mixin) Mixing EntityTypeBuilderMixin from fabric-object-builder-v1.mixins.json into net.minecraft.world.entity.EntityType$Builder
[12:48:27] [main/DEBUG] (FabricLoader/Mixin) fabric-object-builder-v1.mixins.json:EntityTypeBuilderMixin from mod fabric-object-builder-api-v1->@Inject::applyChildBuilders(Lnet/minecraft/resources/ResourceKey;Lorg/spongepowered/asm/mixin/injection/callback/CallbackInfoReturnable;)V does use it's CallbackInfoReturnable
[12:48:27] [main/DEBUG] (FabricLoader/Mixin) Mixing TaggedChoiceMixin from fabric-dimensions-v1.mixins.json into com.mojang.datafixers.types.templates.TaggedChoice
[12:48:27] [main/DEBUG] (FabricLoader/Mixin) fabric-dimensions-v1.mixins.json:TaggedChoiceMixin from mod fabric-dimensions-v1->@Inject::onApply(Lcom/mojang/datafixers/util/Pair;Lorg/spongepowered/asm/mixin/injection/callback/CallbackInfoReturnable;)V does use it's CallbackInfoReturnable
[12:48:27] [main/DEBUG] (FabricLoader/Mixin) Mixing TaggedChoiceTaggedChoiceTypeMixin from fabric-dimensions-v1.mixins.json into com.mojang.datafixers.types.templates.TaggedChoice$TaggedChoiceType
[12:48:27] [main/DEBUG] (FabricLoader/Mixin) fabric-dimensions-v1.mixins.json:TaggedChoiceTaggedChoiceTypeMixin from mod fabric-dimensions-v1->@Inject::onGetCodec(Ljava/lang/Object;Lorg/spongepowered/asm/mixin/injection/callback/CallbackInfoReturnable;)V does use it's CallbackInfoReturnable
[12:48:27] [main/DEBUG] (FabricLoader/Mixin) Mixing Schema2832Mixin from fabric-dimensions-v1.mixins.json into net.minecraft.util.datafix.schemas.V2832
[12:48:28] [main/DEBUG] (FabricLoader/Mixin) Mixing ServerPlayerEntityMixin from fabric-events-interaction-v0.mixins.json into net.minecraft.server.level.ServerPlayer
[12:48:28] [main/DEBUG] (FabricLoader/Mixin) Mixing ServerPlayerEntityMixin from fabric-particles-v1.mixins.json into net.minecraft.server.level.ServerPlayer
[12:48:28] [main/DEBUG] (FabricLoader/Mixin) Mixing ServerPlayerEntityMixin from fabric-screen-handler-api-v1.mixins.json into net.minecraft.server.level.ServerPlayer
[12:48:28] [main/DEBUG] (FabricLoader/Mixin) Mixing ServerPlayerEntityMixin from fabric-entity-events-v1.mixins.json into net.minecraft.server.level.ServerPlayer
[12:48:28] [main/DEBUG] (FabricLoader/Mixin) fabric-events-interaction-v0.mixins.json:ServerPlayerEntityMixin from mod fabric-events-interaction-v0->@Inject::onPlayerInteractEntity(Lnet/minecraft/world/entity/Entity;Lorg/spongepowered/asm/mixin/injection/callback/CallbackInfo;)V does use it's CallbackInfo
[12:48:28] [main/DEBUG] (FabricLoader/Mixin) fabric-events-interaction-v0.mixins.json:ServerPlayerEntityMixin from mod fabric-events-interaction-v0->@Inject::fakePlayerGameMode(Lnet/minecraft/world/level/GameType;Lorg/spongepowered/asm/mixin/injection/callback/CallbackInfoReturnable;)V does use it's CallbackInfoReturnable
[12:48:28] [main/DEBUG] (FabricLoader/Mixin) fabric-screen-handler-api-v1.mixins.json:ServerPlayerEntityMixin from mod fabric-screen-handler-api-v1->@Inject::fabric_storeOpenedScreenHandler(Lnet/minecraft/world/MenuProvider;Lorg/spongepowered/asm/mixin/injection/callback/CallbackInfoReturnable;)V doesn't use it's CallbackInfoReturnable
[12:48:28] [main/DEBUG] (FabricLoader/Mixin) fabric-screen-handler-api-v1.mixins.json:ServerPlayerEntityMixin from mod fabric-screen-handler-api-v1->@Inject::fabric_storeOpenedScreenHandler(Lnet/minecraft/world/MenuProvider;Lorg/spongepowered/asm/mixin/injection/callback/CallbackInfoReturnable;)V has 0 override(s) in child classes
[12:48:28] [main/DEBUG] (FabricLoader/Mixin) fabric-screen-handler-api-v1.mixins.json:ServerPlayerEntityMixin from mod fabric-screen-handler-api-v1->@Inject::fabric_storeOpenedScreenHandler(Lnet/minecraft/world/MenuProvider;Lorg/spongepowered/asm/mixin/injection/callback/CallbackInfoReturnable;)V won't be passed a CallbackInfoReturnable as a result
[12:48:28] [main/DEBUG] (FabricLoader/Mixin) fabric-entity-events-v1.mixins.json:ServerPlayerEntityMixin from mod fabric-entity-events-v1->@Inject::callOnKillForPlayer(Lnet/minecraft/world/damagesource/DamageSource;Lorg/spongepowered/asm/mixin/injection/callback/CallbackInfo;)V doesn't use it's CallbackInfo
[12:48:28] [main/DEBUG] (FabricLoader/Mixin) fabric-entity-events-v1.mixins.json:ServerPlayerEntityMixin from mod fabric-entity-events-v1->@Inject::callOnKillForPlayer(Lnet/minecraft/world/damagesource/DamageSource;Lorg/spongepowered/asm/mixin/injection/callback/CallbackInfo;)V has 0 override(s) in child classes
[12:48:28] [main/DEBUG] (FabricLoader/Mixin) fabric-entity-events-v1.mixins.json:ServerPlayerEntityMixin from mod fabric-entity-events-v1->@Inject::callOnKillForPlayer(Lnet/minecraft/world/damagesource/DamageSource;Lorg/spongepowered/asm/mixin/injection/callback/CallbackInfo;)V won't be passed a CallbackInfo as a result
[12:48:28] [main/DEBUG] (FabricLoader/Mixin) fabric-entity-events-v1.mixins.json:ServerPlayerEntityMixin from mod fabric-entity-events-v1->@Inject::notifyDeath(Lnet/minecraft/world/damagesource/DamageSource;Lorg/spongepowered/asm/mixin/injection/callback/CallbackInfo;)V doesn't use it's CallbackInfo
[12:48:28] [main/DEBUG] (FabricLoader/Mixin) fabric-entity-events-v1.mixins.json:ServerPlayerEntityMixin from mod fabric-entity-events-v1->@Inject::notifyDeath(Lnet/minecraft/world/damagesource/DamageSource;Lorg/spongepowered/asm/mixin/injection/callback/CallbackInfo;)V has 0 override(s) in child classes
[12:48:28] [main/DEBUG] (FabricLoader/Mixin) fabric-entity-events-v1.mixins.json:ServerPlayerEntityMixin from mod fabric-entity-events-v1->@Inject::notifyDeath(Lnet/minecraft/world/damagesource/DamageSource;Lorg/spongepowered/asm/mixin/injection/callback/CallbackInfo;)V won't be passed a CallbackInfo as a result
[12:48:28] [main/DEBUG] (FabricLoader/Mixin) fabric-entity-events-v1.mixins.json:ServerPlayerEntityMixin from mod fabric-entity-events-v1->@Inject::afterWorldChanged(Lnet/minecraft/server/level/ServerLevel;Lorg/spongepowered/asm/mixin/injection/callback/CallbackInfo;)V doesn't use it's CallbackInfo
[12:48:28] [main/DEBUG] (FabricLoader/Mixin) fabric-entity-events-v1.mixins.json:ServerPlayerEntityMixin from mod fabric-entity-events-v1->@Inject::afterWorldChanged(Lnet/minecraft/server/level/ServerLevel;Lorg/spongepowered/asm/mixin/injection/callback/CallbackInfo;)V has 0 override(s) in child classes
[12:48:28] [main/DEBUG] (FabricLoader/Mixin) fabric-entity-events-v1.mixins.json:ServerPlayerEntityMixin from mod fabric-entity-events-v1->@Inject::afterWorldChanged(Lnet/minecraft/server/level/ServerLevel;Lorg/spongepowered/asm/mixin/injection/callback/CallbackInfo;)V won't be passed a CallbackInfo as a result
[12:48:28] [main/DEBUG] (FabricLoader/Mixin) fabric-entity-events-v1.mixins.json:ServerPlayerEntityMixin from mod fabric-entity-events-v1->@Inject::onCopyFrom(Lnet/minecraft/server/level/ServerPlayer;ZLorg/spongepowered/asm/mixin/injection/callback/CallbackInfo;)V doesn't use it's CallbackInfo
[12:48:28] [main/DEBUG] (FabricLoader/Mixin) fabric-entity-events-v1.mixins.json:ServerPlayerEntityMixin from mod fabric-entity-events-v1->@Inject::onCopyFrom(Lnet/minecraft/server/level/ServerPlayer;ZLorg/spongepowered/asm/mixin/injection/callback/CallbackInfo;)V has 0 override(s) in child classes
[12:48:28] [main/DEBUG] (FabricLoader/Mixin) fabric-entity-events-v1.mixins.json:ServerPlayerEntityMixin from mod fabric-entity-events-v1->@Inject::onCopyFrom(Lnet/minecraft/server/level/ServerPlayer;ZLorg/spongepowered/asm/mixin/injection/callback/CallbackInfo;)V won't be passed a CallbackInfo as a result
[12:48:28] [main/DEBUG] (FabricLoader/Mixin) Mixing BreezeEntityMixin from fabric-particles-v1.mixins.json into net.minecraft.world.entity.monster.breeze.Breeze
[12:48:28] [main/DEBUG] (FabricLoader/Mixin) Mixing VillagerEntityAccessor from fabric-content-registries-v0.mixins.json into net.minecraft.world.entity.npc.Villager
[12:48:28] [main/DEBUG] (FabricLoader/Mixin) Renaming @Accessor method fabric_setItemFoodValues(Ljava/util/Map;)V to fabric_setItemFoodValues$fabric-content-registries-v0_$md$bbab15$0 in fabric-content-registries-v0.mixins.json:VillagerEntityAccessor from mod fabric-content-registries-v0
[12:48:28] [main/DEBUG] (FabricLoader/Mixin) Mixing VillagerEntityMixin from fabric-content-registries-v0.mixins.json into net.minecraft.world.entity.npc.Villager
[12:48:28] [main/DEBUG] (FabricLoader/Mixin) Mixing TrackedDataHandlerRegistryAccessor from fabric-object-builder-v1.mixins.json into net.minecraft.network.syncher.EntityDataSerializers
[12:48:28] [main/DEBUG] (FabricLoader/Mixin) Renaming @Accessor method fabric_getDataHandlers()Lnet/minecraft/util/CrudeIncrementalIntIdentityHashBiMap; to fabric_getDataHandlers$fabric-object-builder-api-v1_$md$bbab15$0 in fabric-object-builder-v1.mixins.json:TrackedDataHandlerRegistryAccessor from mod fabric-object-builder-api-v1
[12:48:28] [main/DEBUG] (FabricLoader/Mixin) Mixing TrackedDataHandlerRegistryMixin from fabric-object-builder-v1.mixins.json into net.minecraft.network.syncher.EntityDataSerializers
[12:48:28] [main/DEBUG] (FabricLoader/Mixin) fabric-object-builder-v1.mixins.json:TrackedDataHandlerRegistryMixin from mod fabric-object-builder-api-v1->@Inject::storeVanillaHandlers(Lorg/spongepowered/asm/mixin/injection/callback/CallbackInfo;)V doesn't use it's CallbackInfo
[12:48:28] [main/DEBUG] (FabricLoader/Mixin) fabric-object-builder-v1.mixins.json:TrackedDataHandlerRegistryMixin from mod fabric-object-builder-api-v1->@Inject::onHeadRegister(Lnet/minecraft/network/syncher/EntityDataSerializer;Lorg/spongepowered/asm/mixin/injection/callback/CallbackInfo;)V doesn't use it's CallbackInfo
[12:48:28] [main/DEBUG] (FabricLoader/Mixin) Mixing AttachmentTargetsMixin from fabric-data-attachment-api-v1.mixins.json into net.minecraft.world.level.chunk.ChunkAccess
[12:48:28] [main/DEBUG] (FabricLoader/Mixin) Mixing ChunkMixin from fabric-data-attachment-api-v1.mixins.json into net.minecraft.world.level.chunk.ChunkAccess
[12:48:28] [main/DEBUG] (FabricLoader/Mixin) Mixing WorldChunkMixin from fabric-data-attachment-api-v1.mixins.json into net.minecraft.world.level.chunk.LevelChunk
[12:48:28] [main/DEBUG] (FabricLoader/Mixin) Renaming synthetic method lambda$fabric_syncChange$0(Lnet/fabricmc/fabric/api/attachment/v1/AttachmentType;Lnet/fabricmc/fabric/impl/attachment/sync/s2c/AttachmentSyncPayloadS2C;Lnet/minecraft/server/level/ServerPlayer;)V to mdbbab15$fabric-data-attachment-api-v1$lambda$fabric_syncChange$0$0 in fabric-data-attachment-api-v1.mixins.json:WorldChunkMixin from mod fabric-data-attachment-api-v1
[12:48:28] [main/DEBUG] (FabricLoader/Mixin) Mixing server.WorldChunkMixin from fabric-lifecycle-events-v1.mixins.json into net.minecraft.world.level.chunk.LevelChunk
[12:48:28] [main/DEBUG] (FabricLoader/Mixin) fabric-data-attachment-api-v1.mixins.json:WorldChunkMixin from mod fabric-data-attachment-api-v1->@Inject::transferProtoChunkAttachment(Lnet/minecraft/server/level/ServerLevel;Lnet/minecraft/world/level/chunk/ProtoChunk;Lnet/minecraft/world/level/chunk/LevelChunk$PostLoadProcessor;Lorg/spongepowered/asm/mixin/injection/callback/CallbackInfo;)V doesn't use it's CallbackInfo
[12:48:28] [main/DEBUG] (FabricLoader/Mixin) fabric-data-attachment-api-v1.mixins.json:WorldChunkMixin from mod fabric-data-attachment-api-v1->@Inject::transferProtoChunkAttachment(Lnet/minecraft/server/level/ServerLevel;Lnet/minecraft/world/level/chunk/ProtoChunk;Lnet/minecraft/world/level/chunk/LevelChunk$PostLoadProcessor;Lorg/spongepowered/asm/mixin/injection/callback/CallbackInfo;)V has 0 override(s) in child classes
[12:48:28] [main/DEBUG] (FabricLoader/Mixin) fabric-data-attachment-api-v1.mixins.json:WorldChunkMixin from mod fabric-data-attachment-api-v1->@Inject::transferProtoChunkAttachment(Lnet/minecraft/server/level/ServerLevel;Lnet/minecraft/world/level/chunk/ProtoChunk;Lnet/minecraft/world/level/chunk/LevelChunk$PostLoadProcessor;Lorg/spongepowered/asm/mixin/injection/callback/CallbackInfo;)V won't be passed a CallbackInfo as a result
[12:48:28] [main/DEBUG] (FabricLoader/Mixin) fabric-lifecycle-events-v1.mixins.json:server.WorldChunkMixin from mod fabric-lifecycle-events-v1->@Inject::onRemoveBlockEntity(Lnet/minecraft/world/level/block/entity/BlockEntity;Lorg/spongepowered/asm/mixin/injection/callback/CallbackInfo;)V doesn't use it's CallbackInfo
[12:48:28] [main/DEBUG] (FabricLoader/Mixin) fabric-lifecycle-events-v1.mixins.json:server.WorldChunkMixin from mod fabric-lifecycle-events-v1->@Inject::onRemoveBlockEntity(Lnet/minecraft/world/level/block/entity/BlockEntity;Lorg/spongepowered/asm/mixin/injection/callback/CallbackInfo;)V has 0 override(s) in child classes
[12:48:28] [main/DEBUG] (FabricLoader/Mixin) fabric-lifecycle-events-v1.mixins.json:server.WorldChunkMixin from mod fabric-lifecycle-events-v1->@Inject::onRemoveBlockEntity(Lnet/minecraft/world/level/block/entity/BlockEntity;Lorg/spongepowered/asm/mixin/injection/callback/CallbackInfo;)V won't be passed a CallbackInfo as a result
[12:48:28] [main/DEBUG] (FabricLoader/Mixin) fabric-lifecycle-events-v1.mixins.json:server.WorldChunkMixin from mod fabric-lifecycle-events-v1->@Inject::onRemoveBlockEntity(Lnet/minecraft/core/BlockPos;Lorg/spongepowered/asm/mixin/injection/callback/CallbackInfo;)V doesn't use it's CallbackInfo
[12:48:28] [main/DEBUG] (FabricLoader/Mixin) fabric-lifecycle-events-v1.mixins.json:server.WorldChunkMixin from mod fabric-lifecycle-events-v1->@Inject::onRemoveBlockEntity(Lnet/minecraft/core/BlockPos;Lorg/spongepowered/asm/mixin/injection/callback/CallbackInfo;)V has 0 override(s) in child classes
[12:48:28] [main/DEBUG] (FabricLoader/Mixin) fabric-lifecycle-events-v1.mixins.json:server.WorldChunkMixin from mod fabric-lifecycle-events-v1->@Inject::onRemoveBlockEntity(Lnet/minecraft/core/BlockPos;Lorg/spongepowered/asm/mixin/injection/callback/CallbackInfo;)V won't be passed a CallbackInfo as a result
[12:48:28] [main/DEBUG] (net.fabricmc.fabric.impl.object.builder.FabricTrackedDataRegistryImpl) Stored 37 vanilla handlers
[12:48:28] [main/DEBUG] (FabricLoader/Mixin) Mixing WardenEntityMixin from fabric-particles-v1.mixins.json into net.minecraft.world.entity.monster.warden.Warden
[12:48:28] [main/DEBUG] (FabricLoader/Mixin) Mixing ContainerComponentAccessor from fabric-transfer-api-v1.mixins.json into net.minecraft.world.item.component.ItemContainerContents
[12:48:28] [main/DEBUG] (FabricLoader/Mixin) Mixing LootTableAccessor from fabric-loot-api-v3.mixins.json into net.minecraft.world.level.storage.loot.LootTable
[12:48:28] [main/DEBUG] (FabricLoader/Mixin) Mixing LootTableMixin from fabric-loot-api-v3.mixins.json into net.minecraft.world.level.storage.loot.LootTable
[12:48:28] [main/DEBUG] (FabricLoader/Mixin) Mixing EnchantRandomlyLootFunctionMixin from fabric-item-api-v1.mixins.json into net.minecraft.world.level.storage.loot.functions.EnchantRandomlyFunction
[12:48:28] [main/DEBUG] (FabricLoader/Mixin) Mixing HoneycombItemMixin from fabric-content-registries-v0.mixins.json into net.minecraft.world.item.HoneycombItem
[12:48:28] [main/DEBUG] (FabricLoader/Mixin) fabric-content-registries-v0.mixins.json:HoneycombItemMixin from mod fabric-content-registries-v0->@Inject::createUnwaxedToWaxedMap(Lorg/spongepowered/asm/mixin/injection/callback/CallbackInfoReturnable;)V does use it's CallbackInfoReturnable
[12:48:28] [main/DEBUG] (FabricLoader/Mixin) Mixing BrushItemMixin from fabric-particles-v1.mixins.json into net.minecraft.world.item.BrushItem
[12:48:28] [main/DEBUG] (FabricLoader/Mixin) Mixing EntitySelectorOptionsAccessor from fabric-command-api-v2.mixins.json into net.minecraft.commands.arguments.selector.options.EntitySelectorOptions
[12:48:28] [main/DEBUG] (FabricLoader/Mixin) Renaming @Invoker method callPutOption(Ljava/lang/String;Lnet/minecraft/commands/arguments/selector/options/EntitySelectorOptions$Modifier;Ljava/util/function/Predicate;Lnet/minecraft/network/chat/Component;)V to callPutOption$fabric-command-api-v2_$md$bbab15$0 in fabric-command-api-v2.mixins.json:EntitySelectorOptionsAccessor from mod fabric-command-api-v2
[12:48:28] [main/DEBUG] (FabricLoader/Mixin) Mixing EntitySelectorReaderMixin from fabric-command-api-v2.mixins.json into net.minecraft.commands.arguments.selector.EntitySelectorParser
[12:48:29] [main/DEBUG] (FabricLoader/Mixin) Generating mapped inner class net/minecraft/world/level/block/entity/ChiseledBookShelfBlockEntity$Anonymous$a1fbe42c811f4e7dbff4d22fb7eb51d5 (originally net/fabricmc/fabric/mixin/transfer/ChiseledBookshelfBlockEntityMixin$1)
[12:48:29] [main/DEBUG] (FabricLoader/Mixin) Mixing SimpleInventoryMixin from fabric-transfer-api-v1.mixins.json into net.minecraft.world.SimpleContainer
[12:48:29] [main/DEBUG] (FabricLoader/Mixin) Mixing CraftingRecipeMixin from fabric-item-api-v1.mixins.json into net.minecraft.world.item.crafting.CraftingRecipe
[12:48:29] [main/DEBUG] (FabricLoader/Mixin) Mixing ingredient.IngredientMixin from fabric-recipe-api-v1.mixins.json into net.minecraft.world.item.crafting.Ingredient
[12:48:29] [main/DEBUG] (FabricLoader/Mixin) Renaming synthetic method lambda$injectCodec$2(Lnet/minecraft/world/item/crafting/Ingredient;)Lcom/mojang/datafixers/util/Either; to mdbbab15$fabric-recipe-api-v1$lambda$injectCodec$2$0 in fabric-recipe-api-v1.mixins.json:ingredient.IngredientMixin from mod fabric-recipe-api-v1
[12:48:29] [main/DEBUG] (FabricLoader/Mixin) Renaming synthetic method lambda$injectCodec$1(Lcom/mojang/datafixers/util/Either;)Lnet/minecraft/world/item/crafting/Ingredient; to mdbbab15$fabric-recipe-api-v1$lambda$injectCodec$1$1 in fabric-recipe-api-v1.mixins.json:ingredient.IngredientMixin from mod fabric-recipe-api-v1
[12:48:29] [main/DEBUG] (FabricLoader/Mixin) Renaming synthetic method lambda$injectCodec$0(Lnet/minecraft/world/item/crafting/Ingredient;)Lnet/minecraft/world/item/crafting/Ingredient; to mdbbab15$fabric-recipe-api-v1$lambda$injectCodec$0$2 in fabric-recipe-api-v1.mixins.json:ingredient.IngredientMixin from mod fabric-recipe-api-v1
[12:48:29] [main/DEBUG] (FabricLoader/Mixin) fabric-recipe-api-v1.mixins.json:ingredient.IngredientMixin from mod fabric-recipe-api-v1->@Inject::injectCodec(Lorg/spongepowered/asm/mixin/injection/callback/CallbackInfo;)V doesn't use it's CallbackInfo
[12:48:29] [main/DEBUG] (FabricLoader/Mixin) fabric-recipe-api-v1.mixins.json:ingredient.IngredientMixin from mod fabric-recipe-api-v1->@Inject::onGetEntries(Lnet/minecraft/world/item/crafting/Ingredient;Lorg/spongepowered/asm/mixin/injection/callback/CallbackInfoReturnable;)V does use it's CallbackInfoReturnable
[12:48:29] [main/DEBUG] (FabricLoader/Mixin) fabric-recipe-api-v1.mixins.json:ingredient.IngredientMixin from mod fabric-recipe-api-v1->@Inject::onGetEntries(Lnet/minecraft/world/item/crafting/Ingredient;Lorg/spongepowered/asm/mixin/injection/callback/CallbackInfoReturnable;)V does use it's CallbackInfoReturnable
[12:48:29] [main/DEBUG] (FabricLoader/Mixin) fabric-recipe-api-v1.mixins.json:ingredient.IngredientMixin from mod fabric-recipe-api-v1->@Inject::onGetEntries(Lnet/minecraft/world/item/crafting/Ingredient;Lorg/spongepowered/asm/mixin/injection/callback/CallbackInfoReturnable;)V does use it's CallbackInfoReturnable
[12:48:29] [main/DEBUG] (FabricLoader/Mixin) fabric-recipe-api-v1.mixins.json:ingredient.IngredientMixin from mod fabric-recipe-api-v1->@Inject::onHeadEquals(Ljava/lang/Object;Lorg/spongepowered/asm/mixin/injection/callback/CallbackInfoReturnable;)V does use it's CallbackInfoReturnable
[12:48:29] [main/DEBUG] (FabricLoader/Mixin) Mixing ingredient.ShapelessRecipeMixin from fabric-recipe-api-v1.mixins.json into net.minecraft.world.item.crafting.ShapelessRecipe
[12:48:29] [main/DEBUG] (FabricLoader/Mixin) fabric-recipe-api-v1.mixins.json:ingredient.ShapelessRecipeMixin from mod fabric-recipe-api-v1->@Inject::cacheRequiresTesting(Ljava/lang/String;Lnet/minecraft/world/item/crafting/CraftingBookCategory;Lnet/minecraft/world/item/ItemStack;Ljava/util/List;Lorg/spongepowered/asm/mixin/injection/callback/CallbackInfo;)V doesn't use it's CallbackInfo
[12:48:29] [main/DEBUG] (FabricLoader/Mixin) fabric-recipe-api-v1.mixins.json:ingredient.ShapelessRecipeMixin from mod fabric-recipe-api-v1->@Inject::cacheRequiresTesting(Ljava/lang/String;Lnet/minecraft/world/item/crafting/CraftingBookCategory;Lnet/minecraft/world/item/ItemStack;Ljava/util/List;Lorg/spongepowered/asm/mixin/injection/callback/CallbackInfo;)V has 0 override(s) in child classes
[12:48:29] [main/DEBUG] (FabricLoader/Mixin) fabric-recipe-api-v1.mixins.json:ingredient.ShapelessRecipeMixin from mod fabric-recipe-api-v1->@Inject::cacheRequiresTesting(Ljava/lang/String;Lnet/minecraft/world/item/crafting/CraftingBookCategory;Lnet/minecraft/world/item/ItemStack;Ljava/util/List;Lorg/spongepowered/asm/mixin/injection/callback/CallbackInfo;)V won't be passed a CallbackInfo as a result
[12:48:29] [main/DEBUG] (FabricLoader/Mixin) fabric-recipe-api-v1.mixins.json:ingredient.ShapelessRecipeMixin from mod fabric-recipe-api-v1->@Inject::customIngredientMatch(Lnet/minecraft/world/item/crafting/CraftingInput;Lnet/minecraft/world/level/Level;Lorg/spongepowered/asm/mixin/injection/callback/CallbackInfoReturnable;)V does use it's CallbackInfoReturnable
[12:48:29] [main/DEBUG] (FabricLoader/Mixin) Mixing ChunkGeneratingMixin from fabric-lifecycle-events-v1.mixins.json into net.minecraft.world.level.chunk.status.ChunkStatusTasks
[12:48:29] [main/DEBUG] (FabricLoader/Mixin) fabric-lifecycle-events-v1.mixins.json:ChunkGeneratingMixin from mod fabric-lifecycle-events-v1->@Inject::onChunkLoad(Lnet/minecraft/world/level/chunk/ChunkAccess;Lnet/minecraft/world/level/chunk/status/WorldGenContext;Lnet/minecraft/server/level/GenerationChunkHolder;Lorg/spongepowered/asm/mixin/injection/callback/CallbackInfoReturnable;)V does use it's CallbackInfoReturnable
[12:48:29] [main/DEBUG] (FabricLoader/Mixin) Mixing StructureTemplateManagerMixin from fabric-gametest-api-v1.mixins.json into net.minecraft.world.level.levelgen.structure.templatesystem.StructureTemplateManager
[12:48:29] [main/DEBUG] (FabricLoader/Mixin) fabric-gametest-api-v1.mixins.json:StructureTemplateManagerMixin from mod fabric-gametest-api-v1->@Inject::addFabricTemplateProvider(Lnet/minecraft/server/packs/resources/ResourceManager;Lnet/minecraft/world/level/storage/LevelStorageSource$LevelStorageAccess;Lcom/mojang/datafixers/DataFixer;Lnet/minecraft/core/HolderGetter;Lorg/spongepowered/asm/mixin/injection/callback/CallbackInfo;)V doesn't use it's CallbackInfo
[12:48:29] [main/DEBUG] (FabricLoader/Mixin) fabric-gametest-api-v1.mixins.json:StructureTemplateManagerMixin from mod fabric-gametest-api-v1->@Inject::addFabricTemplateProvider(Lnet/minecraft/server/packs/resources/ResourceManager;Lnet/minecraft/world/level/storage/LevelStorageSource$LevelStorageAccess;Lcom/mojang/datafixers/DataFixer;Lnet/minecraft/core/HolderGetter;Lorg/spongepowered/asm/mixin/injection/callback/CallbackInfo;)V has 0 override(s) in child classes
[12:48:29] [main/DEBUG] (FabricLoader/Mixin) fabric-gametest-api-v1.mixins.json:StructureTemplateManagerMixin from mod fabric-gametest-api-v1->@Inject::addFabricTemplateProvider(Lnet/minecraft/server/packs/resources/ResourceManager;Lnet/minecraft/world/level/storage/LevelStorageSource$LevelStorageAccess;Lcom/mojang/datafixers/DataFixer;Lnet/minecraft/core/HolderGetter;Lorg/spongepowered/asm/mixin/injection/callback/CallbackInfo;)V won't be passed a CallbackInfo as a result
[12:48:29] [main/DEBUG] (FabricLoader/Mixin) Mixing BiomeSourceMixin from fabric-biome-api-v1.mixins.json into net.minecraft.world.level.biome.BiomeSource
[12:48:29] [main/DEBUG] (FabricLoader/Mixin) Mixing MultiNoiseBiomeSourceMixin from fabric-biome-api-v1.mixins.json into net.minecraft.world.level.biome.MultiNoiseBiomeSource
[12:48:29] [main/DEBUG] (FabricLoader/Mixin) Mixing NetherBiomePresetMixin from fabric-biome-api-v1.mixins.json into net.minecraft.world.level.biome.MultiNoiseBiomeSourceParameterList$Preset$1
[12:48:29] [main/DEBUG] (FabricLoader/Mixin) fabric-biome-api-v1.mixins.json:NetherBiomePresetMixin from mod fabric-biome-api-v1->@Inject::apply(Ljava/util/function/Function;Lorg/spongepowered/asm/mixin/injection/callback/CallbackInfoReturnable;)V does use it's CallbackInfoReturnable
[12:48:29] [main/DEBUG] (FabricLoader/Mixin) Mixing RegistryOpsAccessor from fabric-resource-conditions-api-v1.mixins.json into net.minecraft.resources.RegistryOps
[12:48:29] [main/DEBUG] (FabricLoader/Mixin) Mixing TheEndBiomeSourceMixin from fabric-biome-api-v1.mixins.json into net.minecraft.world.level.biome.TheEndBiomeSource
[12:48:29] [main/DEBUG] (FabricLoader/Mixin) Renaming synthetic method lambda$init$1(Lnet/minecraft/core/HolderGetter;)Lnet/fabricmc/fabric/impl/biome/TheEndBiomeData$Overrides; to mdbbab15$fabric-biome-api-v1$lambda$init$1$0 in fabric-biome-api-v1.mixins.json:TheEndBiomeSourceMixin from mod fabric-biome-api-v1
[12:48:29] [main/DEBUG] (FabricLoader/Mixin) Renaming synthetic method lambda$modifyCodec$0(Lcom/mojang/serialization/codecs/RecordCodecBuilder$Instance;)Lcom/mojang/datafixers/kinds/App; to mdbbab15$fabric-biome-api-v1$lambda$modifyCodec$0$1 in fabric-biome-api-v1.mixins.json:TheEndBiomeSourceMixin from mod fabric-biome-api-v1
[12:48:29] [main/DEBUG] (FabricLoader/Mixin) fabric-biome-api-v1.mixins.json:TheEndBiomeSourceMixin from mod fabric-biome-api-v1->@Inject::modifyCodec(Lorg/spongepowered/asm/mixin/injection/callback/CallbackInfo;)V doesn't use it's CallbackInfo
[12:48:29] [main/DEBUG] (FabricLoader/Mixin) fabric-biome-api-v1.mixins.json:TheEndBiomeSourceMixin from mod fabric-biome-api-v1->@Inject::rememberLookup(Lnet/minecraft/core/HolderGetter;Lorg/spongepowered/asm/mixin/injection/callback/CallbackInfoReturnable;)V doesn't use it's CallbackInfoReturnable
[12:48:29] [main/DEBUG] (FabricLoader/Mixin) fabric-biome-api-v1.mixins.json:TheEndBiomeSourceMixin from mod fabric-biome-api-v1->@Inject::clearLookup(Lnet/minecraft/core/HolderGetter;Lorg/spongepowered/asm/mixin/injection/callback/CallbackInfoReturnable;)V doesn't use it's CallbackInfoReturnable
[12:48:29] [main/DEBUG] (FabricLoader/Mixin) fabric-biome-api-v1.mixins.json:TheEndBiomeSourceMixin from mod fabric-biome-api-v1->@Inject::init(Lnet/minecraft/core/Holder;Lnet/minecraft/core/Holder;Lnet/minecraft/core/Holder;Lnet/minecraft/core/Holder;Lnet/minecraft/core/Holder;Lorg/spongepowered/asm/mixin/injection/callback/CallbackInfo;)V doesn't use it's CallbackInfo
[12:48:29] [main/DEBUG] (FabricLoader/Mixin) fabric-biome-api-v1.mixins.json:TheEndBiomeSourceMixin from mod fabric-biome-api-v1->@Inject::init(Lnet/minecraft/core/Holder;Lnet/minecraft/core/Holder;Lnet/minecraft/core/Holder;Lnet/minecraft/core/Holder;Lnet/minecraft/core/Holder;Lorg/spongepowered/asm/mixin/injection/callback/CallbackInfo;)V has 0 override(s) in child classes
[12:48:29] [main/DEBUG] (FabricLoader/Mixin) fabric-biome-api-v1.mixins.json:TheEndBiomeSourceMixin from mod fabric-biome-api-v1->@Inject::init(Lnet/minecraft/core/Holder;Lnet/minecraft/core/Holder;Lnet/minecraft/core/Holder;Lnet/minecraft/core/Holder;Lnet/minecraft/core/Holder;Lorg/spongepowered/asm/mixin/injection/callback/CallbackInfo;)V won't be passed a CallbackInfo as a result
[12:48:29] [main/DEBUG] (FabricLoader/Mixin) fabric-biome-api-v1.mixins.json:TheEndBiomeSourceMixin from mod fabric-biome-api-v1->@Inject::getWeightedEndBiome(IIILnet/minecraft/world/level/biome/Climate$Sampler;Lorg/spongepowered/asm/mixin/injection/callback/CallbackInfoReturnable;)V does use it's CallbackInfoReturnable
[12:48:29] [main/DEBUG] (FabricLoader/Mixin) fabric-biome-api-v1.mixins.json:TheEndBiomeSourceMixin from mod fabric-biome-api-v1->@Inject::getWeightedEndBiome(IIILnet/minecraft/world/level/biome/Climate$Sampler;Lorg/spongepowered/asm/mixin/injection/callback/CallbackInfoReturnable;)V does use it's CallbackInfoReturnable
[12:48:29] [main/DEBUG] (FabricLoader/Mixin) fabric-biome-api-v1.mixins.json:TheEndBiomeSourceMixin from mod fabric-biome-api-v1->@Inject::getWeightedEndBiome(IIILnet/minecraft/world/level/biome/Climate$Sampler;Lorg/spongepowered/asm/mixin/injection/callback/CallbackInfoReturnable;)V does use it's CallbackInfoReturnable
[12:48:29] [main/DEBUG] (FabricLoader/Mixin) fabric-biome-api-v1.mixins.json:TheEndBiomeSourceMixin from mod fabric-biome-api-v1->@Inject::getWeightedEndBiome(IIILnet/minecraft/world/level/biome/Climate$Sampler;Lorg/spongepowered/asm/mixin/injection/callback/CallbackInfoReturnable;)V does use it's CallbackInfoReturnable
[12:48:29] [main/DEBUG] (FabricLoader/Mixin) fabric-biome-api-v1.mixins.json:TheEndBiomeSourceMixin from mod fabric-biome-api-v1->@Inject::getWeightedEndBiome(IIILnet/minecraft/world/level/biome/Climate$Sampler;Lorg/spongepowered/asm/mixin/injection/callback/CallbackInfoReturnable;)V does use it's CallbackInfoReturnable
[12:48:29] [main/DEBUG] (FabricLoader/Mixin) Mixing DebugChunkGeneratorAccessor from fabric-registry-sync-v0.mixins.json into net.minecraft.world.level.levelgen.DebugLevelSource
[12:48:29] [main/DEBUG] (FabricLoader/Mixin) Renaming @Accessor method setBLOCK_STATES(Ljava/util/List;)V to setBLOCK_STATES$fabric-registry-sync-v0_$md$bbab15$0 in fabric-registry-sync-v0.mixins.json:DebugChunkGeneratorAccessor from mod fabric-registry-sync-v0
[12:48:29] [main/DEBUG] (FabricLoader/Mixin) Renaming @Accessor method setX_SIDE_LENGTH(I)V to setX_SIDE_LENGTH$fabric-registry-sync-v0_$md$bbab15$1 in fabric-registry-sync-v0.mixins.json:DebugChunkGeneratorAccessor from mod fabric-registry-sync-v0
[12:48:29] [main/DEBUG] (FabricLoader/Mixin) Renaming @Accessor method setZ_SIDE_LENGTH(I)V to setZ_SIDE_LENGTH$fabric-registry-sync-v0_$md$bbab15$2 in fabric-registry-sync-v0.mixins.json:DebugChunkGeneratorAccessor from mod fabric-registry-sync-v0
[12:48:29] [main/DEBUG] (FabricLoader/Mixin) Mixing GameRuleRpcDispatcherTypedRuleMixin from fabric-game-rule-api-v1.mixins.json into net.minecraft.server.jsonrpc.methods.GameRulesService$TypedRule
[12:48:29] [main/DEBUG] (FabricLoader/Mixin) Renaming synthetic method lambda$static$3(Lnet/minecraft/server/jsonrpc/methods/GameRulesService$TypedRule;)Lcom/mojang/datafixers/util/Either; to mdbbab15$fabric-game-rule-api-v1$lambda$static$3$0 in fabric-game-rule-api-v1.mixins.json:GameRuleRpcDispatcherTypedRuleMixin from mod fabric-game-rule-api-v1
[12:48:29] [main/DEBUG] (FabricLoader/Mixin) Renaming synthetic method lambda$static$2(Lcom/mojang/datafixers/util/Either;)Lnet/minecraft/server/jsonrpc/methods/GameRulesService$TypedRule; to mdbbab15$fabric-game-rule-api-v1$lambda$static$2$1 in fabric-game-rule-api-v1.mixins.json:GameRuleRpcDispatcherTypedRuleMixin from mod fabric-game-rule-api-v1
[12:48:29] [main/DEBUG] (FabricLoader/Mixin) Renaming synthetic method lambda$static$1(Lcom/mojang/serialization/codecs/RecordCodecBuilder$Instance;)Lcom/mojang/datafixers/kinds/App; to mdbbab15$fabric-game-rule-api-v1$lambda$static$1$2 in fabric-game-rule-api-v1.mixins.json:GameRuleRpcDispatcherTypedRuleMixin from mod fabric-game-rule-api-v1
[12:48:29] [main/DEBUG] (FabricLoader/Mixin) Renaming synthetic method lambda$static$0(Lnet/minecraft/server/jsonrpc/methods/GameRulesService$TypedRule;)Lnet/fabricmc/fabric/impl/gamerule/rpc/FabricGameRuleType; to mdbbab15$fabric-game-rule-api-v1$lambda$static$0$3 in fabric-game-rule-api-v1.mixins.json:GameRuleRpcDispatcherTypedRuleMixin from mod fabric-game-rule-api-v1
[12:48:29] [main/DEBUG] (FabricLoader/Mixin) Mixing GameRulesBooleanRuleAccessor from fabric-game-rule-api-v1.mixins.json into net.minecraft.world.level.GameRules$BooleanValue
[12:48:29] [main/DEBUG] (FabricLoader/Mixin) Renaming @Invoker method invokeCreate(ZLjava/util/function/BiConsumer;)Lnet/minecraft/world/level/GameRules$Type; to invokeCreate$fabric-game-rule-api-v1_$md$bbab15$0 in fabric-game-rule-api-v1.mixins.json:GameRulesBooleanRuleAccessor from mod fabric-game-rule-api-v1
[12:48:29] [main/DEBUG] (FabricLoader/Mixin) Mixing GameRulesAccessor from fabric-game-rule-api-v1.mixins.json into net.minecraft.world.level.GameRules
[12:48:29] [main/DEBUG] (FabricLoader/Mixin) Renaming @Invoker method callRegister(Ljava/lang/String;Lnet/minecraft/world/level/GameRules$Category;Lnet/minecraft/world/level/GameRules$Type;)Lnet/minecraft/world/level/GameRules$Key; to callRegister$fabric-game-rule-api-v1_$md$bbab15$0 in fabric-game-rule-api-v1.mixins.json:GameRulesAccessor from mod fabric-game-rule-api-v1
[12:48:29] [main/DEBUG] (FabricLoader/Mixin) Renaming @Accessor method getRuleTypes()Ljava/util/Map; to getRuleTypes$fabric-game-rule-api-v1_$md$bbab15$1 in fabric-game-rule-api-v1.mixins.json:GameRulesAccessor from mod fabric-game-rule-api-v1
[12:48:29] [main/DEBUG] (FabricLoader/Mixin) Mixing GameRulesKeyMixin from fabric-game-rule-api-v1.mixins.json into net.minecraft.world.level.GameRules$Key
[12:48:29] [main/DEBUG] (FabricLoader/Mixin) Mixing ExampleMixin from modid.mixins.json into net.minecraft.server.MinecraftServer
[12:48:29] [main/DEBUG] (FabricLoader/Mixin) Mixing MinecraftServerMixin from fabric-lifecycle-events-v1.mixins.json into net.minecraft.server.MinecraftServer
[12:48:29] [main/DEBUG] (FabricLoader/Mixin) Renaming synthetic method lambda$endResourceReload$0(Ljava/lang/Void;Ljava/lang/Throwable;)Ljava/lang/Void; to mdbbab15$fabric-lifecycle-events-v1$lambda$endResourceReload$0$0 in fabric-lifecycle-events-v1.mixins.json:MinecraftServerMixin from mod fabric-lifecycle-events-v1
[12:48:29] [main/DEBUG] (FabricLoader/Mixin) Mixing modification.MinecraftServerMixin from fabric-biome-api-v1.mixins.json into net.minecraft.server.MinecraftServer
[12:48:29] [main/DEBUG] (FabricLoader/Mixin) Mixing MinecraftServerMixin from fabric-resource-loader-v0.mixins.json into net.minecraft.server.MinecraftServer
[12:48:29] [main/DEBUG] (FabricLoader/Mixin) Renaming synthetic method lambda$init$0(Lnet/minecraft/server/packs/PackResources;)Ljava/util/stream/Stream; to mdbbab15$fabric-resource-loader-v0$lambda$init$0$1 in fabric-resource-loader-v0.mixins.json:MinecraftServerMixin from mod fabric-resource-loader-v0
[12:48:29] [main/DEBUG] (FabricLoader/Mixin) Mixing MinecraftServerMixin from fabric-message-api-v1.mixins.json into net.minecraft.server.MinecraftServer
[12:48:29] [main/DEBUG] (FabricLoader/Mixin) Renaming synthetic method lambda$onGetChatDecorator$0(Lnet/minecraft/server/level/ServerPlayer;Lnet/minecraft/network/chat/Component;)Lnet/minecraft/network/chat/Component; to mdbbab15$fabric-message-api-v1$lambda$onGetChatDecorator$0$2 in fabric-message-api-v1.mixins.json:MinecraftServerMixin from mod fabric-message-api-v1
[12:48:29] [main/DEBUG] (FabricLoader/Mixin) modid.mixins.json:ExampleMixin from mod modid->@Inject::init(Lorg/spongepowered/asm/mixin/injection/callback/CallbackInfo;)V doesn't use it's CallbackInfo
[12:48:29] [main/DEBUG] (FabricLoader/Mixin) modid.mixins.json:ExampleMixin from mod modid->@Inject::init(Lorg/spongepowered/asm/mixin/injection/callback/CallbackInfo;)V has 0 override(s) in child classes
[12:48:29] [main/DEBUG] (FabricLoader/Mixin) modid.mixins.json:ExampleMixin from mod modid->@Inject::init(Lorg/spongepowered/asm/mixin/injection/callback/CallbackInfo;)V won't be passed a CallbackInfo as a result
[12:48:29] [main/DEBUG] (FabricLoader/Mixin) fabric-lifecycle-events-v1.mixins.json:MinecraftServerMixin from mod fabric-lifecycle-events-v1->@Inject::beforeSetupServer(Lorg/spongepowered/asm/mixin/injection/callback/CallbackInfo;)V doesn't use it's CallbackInfo
[12:48:29] [main/DEBUG] (FabricLoader/Mixin) fabric-lifecycle-events-v1.mixins.json:MinecraftServerMixin from mod fabric-lifecycle-events-v1->@Inject::beforeSetupServer(Lorg/spongepowered/asm/mixin/injection/callback/CallbackInfo;)V has 0 override(s) in child classes
[12:48:29] [main/DEBUG] (FabricLoader/Mixin) fabric-lifecycle-events-v1.mixins.json:MinecraftServerMixin from mod fabric-lifecycle-events-v1->@Inject::beforeSetupServer(Lorg/spongepowered/asm/mixin/injection/callback/CallbackInfo;)V won't be passed a CallbackInfo as a result
[12:48:29] [main/DEBUG] (FabricLoader/Mixin) fabric-lifecycle-events-v1.mixins.json:MinecraftServerMixin from mod fabric-lifecycle-events-v1->@Inject::afterSetupServer(Lorg/spongepowered/asm/mixin/injection/callback/CallbackInfo;)V doesn't use it's CallbackInfo
[12:48:29] [main/DEBUG] (FabricLoader/Mixin) fabric-lifecycle-events-v1.mixins.json:MinecraftServerMixin from mod fabric-lifecycle-events-v1->@Inject::afterSetupServer(Lorg/spongepowered/asm/mixin/injection/callback/CallbackInfo;)V has 0 override(s) in child classes
[12:48:29] [main/DEBUG] (FabricLoader/Mixin) fabric-lifecycle-events-v1.mixins.json:MinecraftServerMixin from mod fabric-lifecycle-events-v1->@Inject::afterSetupServer(Lorg/spongepowered/asm/mixin/injection/callback/CallbackInfo;)V won't be passed a CallbackInfo as a result
[12:48:29] [main/DEBUG] (FabricLoader/Mixin) fabric-lifecycle-events-v1.mixins.json:MinecraftServerMixin from mod fabric-lifecycle-events-v1->@Inject::beforeShutdownServer(Lorg/spongepowered/asm/mixin/injection/callback/CallbackInfo;)V doesn't use it's CallbackInfo
[12:48:29] [main/DEBUG] (FabricLoader/Mixin) fabric-lifecycle-events-v1.mixins.json:MinecraftServerMixin from mod fabric-lifecycle-events-v1->@Inject::beforeShutdownServer(Lorg/spongepowered/asm/mixin/injection/callback/CallbackInfo;)V has 0 override(s) in child classes
[12:48:29] [main/DEBUG] (FabricLoader/Mixin) fabric-lifecycle-events-v1.mixins.json:MinecraftServerMixin from mod fabric-lifecycle-events-v1->@Inject::beforeShutdownServer(Lorg/spongepowered/asm/mixin/injection/callback/CallbackInfo;)V won't be passed a CallbackInfo as a result
[12:48:29] [main/DEBUG] (FabricLoader/Mixin) fabric-lifecycle-events-v1.mixins.json:MinecraftServerMixin from mod fabric-lifecycle-events-v1->@Inject::afterShutdownServer(Lorg/spongepowered/asm/mixin/injection/callback/CallbackInfo;)V doesn't use it's CallbackInfo
[12:48:29] [main/DEBUG] (FabricLoader/Mixin) fabric-lifecycle-events-v1.mixins.json:MinecraftServerMixin from mod fabric-lifecycle-events-v1->@Inject::afterShutdownServer(Lorg/spongepowered/asm/mixin/injection/callback/CallbackInfo;)V has 0 override(s) in child classes
[12:48:29] [main/DEBUG] (FabricLoader/Mixin) fabric-lifecycle-events-v1.mixins.json:MinecraftServerMixin from mod fabric-lifecycle-events-v1->@Inject::afterShutdownServer(Lorg/spongepowered/asm/mixin/injection/callback/CallbackInfo;)V won't be passed a CallbackInfo as a result
[12:48:29] [main/DEBUG] (FabricLoader/Mixin) fabric-lifecycle-events-v1.mixins.json:MinecraftServerMixin from mod fabric-lifecycle-events-v1->@Inject::onStartTick(Ljava/util/function/BooleanSupplier;Lorg/spongepowered/asm/mixin/injection/callback/CallbackInfo;)V doesn't use it's CallbackInfo
[12:48:29] [main/DEBUG] (FabricLoader/Mixin) fabric-lifecycle-events-v1.mixins.json:MinecraftServerMixin from mod fabric-lifecycle-events-v1->@Inject::onStartTick(Ljava/util/function/BooleanSupplier;Lorg/spongepowered/asm/mixin/injection/callback/CallbackInfo;)V has 0 override(s) in child classes
[12:48:29] [main/DEBUG] (FabricLoader/Mixin) fabric-lifecycle-events-v1.mixins.json:MinecraftServerMixin from mod fabric-lifecycle-events-v1->@Inject::onStartTick(Ljava/util/function/BooleanSupplier;Lorg/spongepowered/asm/mixin/injection/callback/CallbackInfo;)V won't be passed a CallbackInfo as a result
[12:48:29] [main/DEBUG] (FabricLoader/Mixin) fabric-lifecycle-events-v1.mixins.json:MinecraftServerMixin from mod fabric-lifecycle-events-v1->@Inject::onEndTick(Ljava/util/function/BooleanSupplier;Lorg/spongepowered/asm/mixin/injection/callback/CallbackInfo;)V doesn't use it's CallbackInfo
[12:48:29] [main/DEBUG] (FabricLoader/Mixin) fabric-lifecycle-events-v1.mixins.json:MinecraftServerMixin from mod fabric-lifecycle-events-v1->@Inject::onEndTick(Ljava/util/function/BooleanSupplier;Lorg/spongepowered/asm/mixin/injection/callback/CallbackInfo;)V has 0 override(s) in child classes
[12:48:29] [main/DEBUG] (FabricLoader/Mixin) fabric-lifecycle-events-v1.mixins.json:MinecraftServerMixin from mod fabric-lifecycle-events-v1->@Inject::onEndTick(Ljava/util/function/BooleanSupplier;Lorg/spongepowered/asm/mixin/injection/callback/CallbackInfo;)V won't be passed a CallbackInfo as a result
[12:48:29] [main/DEBUG] (FabricLoader/Mixin) fabric-lifecycle-events-v1.mixins.json:MinecraftServerMixin from mod fabric-lifecycle-events-v1->@Inject::onUnloadWorldAtShutdown(Lorg/spongepowered/asm/mixin/injection/callback/CallbackInfo;)V doesn't use it's CallbackInfo
[12:48:29] [main/DEBUG] (FabricLoader/Mixin) fabric-lifecycle-events-v1.mixins.json:MinecraftServerMixin from mod fabric-lifecycle-events-v1->@Inject::onUnloadWorldAtShutdown(Lorg/spongepowered/asm/mixin/injection/callback/CallbackInfo;)V has 0 override(s) in child classes
[12:48:29] [main/DEBUG] (FabricLoader/Mixin) fabric-lifecycle-events-v1.mixins.json:MinecraftServerMixin from mod fabric-lifecycle-events-v1->@Inject::onUnloadWorldAtShutdown(Lorg/spongepowered/asm/mixin/injection/callback/CallbackInfo;)V won't be passed a CallbackInfo as a result
[12:48:29] [main/DEBUG] (FabricLoader/Mixin) fabric-lifecycle-events-v1.mixins.json:MinecraftServerMixin from mod fabric-lifecycle-events-v1->@Inject::startResourceReload(Ljava/util/Collection;Lorg/spongepowered/asm/mixin/injection/callback/CallbackInfoReturnable;)V doesn't use it's CallbackInfoReturnable
[12:48:29] [main/DEBUG] (FabricLoader/Mixin) fabric-lifecycle-events-v1.mixins.json:MinecraftServerMixin from mod fabric-lifecycle-events-v1->@Inject::startResourceReload(Ljava/util/Collection;Lorg/spongepowered/asm/mixin/injection/callback/CallbackInfoReturnable;)V has 0 override(s) in child classes
[12:48:29] [main/DEBUG] (FabricLoader/Mixin) fabric-lifecycle-events-v1.mixins.json:MinecraftServerMixin from mod fabric-lifecycle-events-v1->@Inject::startResourceReload(Ljava/util/Collection;Lorg/spongepowered/asm/mixin/injection/callback/CallbackInfoReturnable;)V won't be passed a CallbackInfoReturnable as a result
[12:48:29] [main/DEBUG] (FabricLoader/Mixin) fabric-lifecycle-events-v1.mixins.json:MinecraftServerMixin from mod fabric-lifecycle-events-v1->@Inject::endResourceReload(Ljava/util/Collection;Lorg/spongepowered/asm/mixin/injection/callback/CallbackInfoReturnable;)V does use it's CallbackInfoReturnable
[12:48:29] [main/DEBUG] (FabricLoader/Mixin) fabric-lifecycle-events-v1.mixins.json:MinecraftServerMixin from mod fabric-lifecycle-events-v1->@Inject::startSave(ZZZLorg/spongepowered/asm/mixin/injection/callback/CallbackInfoReturnable;)V doesn't use it's CallbackInfoReturnable
[12:48:29] [main/DEBUG] (FabricLoader/Mixin) fabric-lifecycle-events-v1.mixins.json:MinecraftServerMixin from mod fabric-lifecycle-events-v1->@Inject::startSave(ZZZLorg/spongepowered/asm/mixin/injection/callback/CallbackInfoReturnable;)V has 0 override(s) in child classes
[12:48:29] [main/DEBUG] (FabricLoader/Mixin) fabric-lifecycle-events-v1.mixins.json:MinecraftServerMixin from mod fabric-lifecycle-events-v1->@Inject::startSave(ZZZLorg/spongepowered/asm/mixin/injection/callback/CallbackInfoReturnable;)V won't be passed a CallbackInfoReturnable as a result
[12:48:29] [main/DEBUG] (FabricLoader/Mixin) fabric-lifecycle-events-v1.mixins.json:MinecraftServerMixin from mod fabric-lifecycle-events-v1->@Inject::endSave(ZZZLorg/spongepowered/asm/mixin/injection/callback/CallbackInfoReturnable;)V doesn't use it's CallbackInfoReturnable
[12:48:29] [main/DEBUG] (FabricLoader/Mixin) fabric-lifecycle-events-v1.mixins.json:MinecraftServerMixin from mod fabric-lifecycle-events-v1->@Inject::endSave(ZZZLorg/spongepowered/asm/mixin/injection/callback/CallbackInfoReturnable;)V has 0 override(s) in child classes
[12:48:29] [main/DEBUG] (FabricLoader/Mixin) fabric-lifecycle-events-v1.mixins.json:MinecraftServerMixin from mod fabric-lifecycle-events-v1->@Inject::endSave(ZZZLorg/spongepowered/asm/mixin/injection/callback/CallbackInfoReturnable;)V won't be passed a CallbackInfoReturnable as a result
[12:48:29] [main/DEBUG] (FabricLoader/Mixin) fabric-biome-api-v1.mixins.json:modification.MinecraftServerMixin from mod fabric-biome-api-v1->@Inject::finalizeWorldGen(Lorg/spongepowered/asm/mixin/injection/callback/CallbackInfo;)V doesn't use it's CallbackInfo
[12:48:29] [main/DEBUG] (FabricLoader/Mixin) fabric-biome-api-v1.mixins.json:modification.MinecraftServerMixin from mod fabric-biome-api-v1->@Inject::finalizeWorldGen(Lorg/spongepowered/asm/mixin/injection/callback/CallbackInfo;)V has 0 override(s) in child classes
[12:48:29] [main/DEBUG] (FabricLoader/Mixin) fabric-biome-api-v1.mixins.json:modification.MinecraftServerMixin from mod fabric-biome-api-v1->@Inject::finalizeWorldGen(Lorg/spongepowered/asm/mixin/injection/callback/CallbackInfo;)V won't be passed a CallbackInfo as a result
[12:48:29] [main/DEBUG] (FabricLoader/Mixin) fabric-resource-loader-v0.mixins.json:MinecraftServerMixin from mod fabric-resource-loader-v0->@Inject::init(Ljava/lang/Thread;Lnet/minecraft/world/level/storage/LevelStorageSource$LevelStorageAccess;Lnet/minecraft/server/packs/repository/PackRepository;Lnet/minecraft/server/WorldStem;Ljava/net/Proxy;Lcom/mojang/datafixers/DataFixer;Lnet/minecraft/server/Services;Lnet/minecraft/server/level/progress/LevelLoadListener;Lorg/spongepowered/asm/mixin/injection/callback/CallbackInfo;)V doesn't use it's CallbackInfo
[12:48:29] [main/DEBUG] (FabricLoader/Mixin) fabric-resource-loader-v0.mixins.json:MinecraftServerMixin from mod fabric-resource-loader-v0->@Inject::init(Ljava/lang/Thread;Lnet/minecraft/world/level/storage/LevelStorageSource$LevelStorageAccess;Lnet/minecraft/server/packs/repository/PackRepository;Lnet/minecraft/server/WorldStem;Ljava/net/Proxy;Lcom/mojang/datafixers/DataFixer;Lnet/minecraft/server/Services;Lnet/minecraft/server/level/progress/LevelLoadListener;Lorg/spongepowered/asm/mixin/injection/callback/CallbackInfo;)V has 0 override(s) in child classes
[12:48:29] [main/DEBUG] (FabricLoader/Mixin) fabric-resource-loader-v0.mixins.json:MinecraftServerMixin from mod fabric-resource-loader-v0->@Inject::init(Ljava/lang/Thread;Lnet/minecraft/world/level/storage/LevelStorageSource$LevelStorageAccess;Lnet/minecraft/server/packs/repository/PackRepository;Lnet/minecraft/server/WorldStem;Ljava/net/Proxy;Lcom/mojang/datafixers/DataFixer;Lnet/minecraft/server/Services;Lnet/minecraft/server/level/progress/LevelLoadListener;Lorg/spongepowered/asm/mixin/injection/callback/CallbackInfo;)V won't be passed a CallbackInfo as a result
[12:48:29] [main/DEBUG] (FabricLoader/Mixin) fabric-message-api-v1.mixins.json:MinecraftServerMixin from mod fabric-message-api-v1->@Inject::onGetChatDecorator(Lorg/spongepowered/asm/mixin/injection/callback/CallbackInfoReturnable;)V does use it's CallbackInfoReturnable
[12:48:29] [main/DEBUG] (FabricLoader/Mixin) Mixing DefaultAttributeRegistryAccessor from fabric-object-builder-v1.mixins.json into net.minecraft.world.entity.ai.attributes.DefaultAttributes
[12:48:29] [main/DEBUG] (FabricLoader/Mixin) Renaming @Accessor method getRegistry()Ljava/util/Map; to getRegistry$fabric-object-builder-api-v1_$md$bbab15$0 in fabric-object-builder-v1.mixins.json:DefaultAttributeRegistryAccessor from mod fabric-object-builder-api-v1
[12:48:29] [main/DEBUG] (FabricLoader/Mixin) Mixing DefaultAttributeRegistryMixin from fabric-object-builder-v1.mixins.json into net.minecraft.world.entity.ai.attributes.DefaultAttributes
[12:48:29] [main/DEBUG] (FabricLoader/Mixin) fabric-object-builder-v1.mixins.json:DefaultAttributeRegistryMixin from mod fabric-object-builder-api-v1->@Inject::injectAttributes(Lorg/spongepowered/asm/mixin/injection/callback/CallbackInfo;)V doesn't use it's CallbackInfo
[12:48:29] [main/DEBUG] (FabricLoader/Entrypoint) Iterating over entrypoint 'main'
[12:48:29] [main/INFO] (modid) Hello Fabric world!
[12:48:29] [main/DEBUG] (FabricLoader/Mixin) Mixing ServerConfigurationNetworkHandlerMixin from fabric-networking-api-v1.mixins.json into net.minecraft.server.network.ServerConfigurationPacketListenerImpl
[12:48:29] [main/DEBUG] (FabricLoader/Mixin) Renaming synthetic method lambda$bindChannelInfo$0(Lnet/minecraft/network/RegistryFriendlyByteBuf;)Lnet/minecraft/network/RegistryFriendlyByteBuf; to mdbbab15$fabric-networking-api-v1$lambda$bindChannelInfo$0$0 in fabric-networking-api-v1.mixins.json:ServerConfigurationNetworkHandlerMixin from mod fabric-networking-api-v1
[12:48:29] [main/DEBUG] (FabricLoader/Mixin) Mixing ServerConfigurationNetworkHandlerMixin from fabric-resource-loader-v0.mixins.json into net.minecraft.server.network.ServerConfigurationPacketListenerImpl
[12:48:29] [main/DEBUG] (FabricLoader/Mixin) fabric-networking-api-v1.mixins.json:ServerConfigurationNetworkHandlerMixin from mod fabric-networking-api-v1->@Inject::initAddon(Lorg/spongepowered/asm/mixin/injection/callback/CallbackInfo;)V doesn't use it's CallbackInfo
[12:48:29] [main/DEBUG] (FabricLoader/Mixin) fabric-networking-api-v1.mixins.json:ServerConfigurationNetworkHandlerMixin from mod fabric-networking-api-v1->@Inject::initAddon(Lorg/spongepowered/asm/mixin/injection/callback/CallbackInfo;)V has 0 override(s) in child classes
[12:48:29] [main/DEBUG] (FabricLoader/Mixin) fabric-networking-api-v1.mixins.json:ServerConfigurationNetworkHandlerMixin from mod fabric-networking-api-v1->@Inject::initAddon(Lorg/spongepowered/asm/mixin/injection/callback/CallbackInfo;)V won't be passed a CallbackInfo as a result
[12:48:29] [main/DEBUG] (FabricLoader/Mixin) fabric-networking-api-v1.mixins.json:ServerConfigurationNetworkHandlerMixin from mod fabric-networking-api-v1->@Inject::onClientReady(Lorg/spongepowered/asm/mixin/injection/callback/CallbackInfo;)V does use it's CallbackInfo
[12:48:29] [main/DEBUG] (FabricLoader/Mixin) Mixing ServerCommonNetworkHandlerMixin from fabric-networking-api-v1.mixins.json into net.minecraft.server.network.ServerCommonPacketListenerImpl
[12:48:29] [main/DEBUG] (FabricLoader/Mixin) Mixing accessor.ServerCommonNetworkHandlerAccessor from fabric-networking-api-v1.mixins.json into net.minecraft.server.network.ServerCommonPacketListenerImpl
[12:48:29] [main/DEBUG] (FabricLoader/Mixin) fabric-networking-api-v1.mixins.json:ServerCommonNetworkHandlerMixin from mod fabric-networking-api-v1->@Inject::handleCustomPayloadReceivedAsync(Lnet/minecraft/network/protocol/common/ServerboundCustomPayloadPacket;Lorg/spongepowered/asm/mixin/injection/callback/CallbackInfo;)V does use it's CallbackInfo
[12:48:29] [main/DEBUG] (FabricLoader/Mixin) fabric-networking-api-v1.mixins.json:ServerCommonNetworkHandlerMixin from mod fabric-networking-api-v1->@Inject::onPlayPong(Lnet/minecraft/network/protocol/common/ServerboundPongPacket;Lorg/spongepowered/asm/mixin/injection/callback/CallbackInfo;)V doesn't use it's CallbackInfo
[12:48:29] [main/DEBUG] (FabricLoader/Mixin) fabric-networking-api-v1.mixins.json:ServerCommonNetworkHandlerMixin from mod fabric-networking-api-v1->@Inject::onPlayPong(Lnet/minecraft/network/protocol/common/ServerboundPongPacket;Lorg/spongepowered/asm/mixin/injection/callback/CallbackInfo;)V has 0 override(s) in child classes
[12:48:29] [main/DEBUG] (FabricLoader/Mixin) fabric-networking-api-v1.mixins.json:ServerCommonNetworkHandlerMixin from mod fabric-networking-api-v1->@Inject::onPlayPong(Lnet/minecraft/network/protocol/common/ServerboundPongPacket;Lorg/spongepowered/asm/mixin/injection/callback/CallbackInfo;)V won't be passed a CallbackInfo as a result
[12:48:29] [main/DEBUG] (FabricLoader/Mixin) Mixing CustomPayloadC2SPacketAccessor from fabric-data-attachment-api-v1.mixins.json into net.minecraft.network.protocol.common.ServerboundCustomPayloadPacket
[12:48:29] [main/DEBUG] (FabricLoader/Mixin) Mixing CustomPayloadC2SPacketMixin from fabric-networking-api-v1.mixins.json into net.minecraft.network.protocol.common.ServerboundCustomPayloadPacket
[12:48:29] [main/DEBUG] (FabricLoader/Mixin) Renaming synthetic method lambda$wrapCodec$0(Lnet/minecraft/network/FriendlyByteBuf;Lnet/minecraft/resources/ResourceLocation;)Lnet/minecraft/network/protocol/common/custom/CustomPacketPayload$TypeAndCodec; to mdbbab15$fabric-networking-api-v1$lambda$wrapCodec$0$0 in fabric-networking-api-v1.mixins.json:CustomPayloadC2SPacketMixin from mod fabric-networking-api-v1
[12:48:29] [main/DEBUG] (FabricLoader/Mixin) Mixing CustomPayloadPacketCodecMixin from fabric-networking-api-v1.mixins.json into net.minecraft.network.protocol.common.custom.CustomPacketPayload$1
[12:48:30] [main/DEBUG] (FabricLoader/Mixin) Mixing LootTableBuilderMixin from fabric-loot-api-v3.mixins.json into net.minecraft.world.level.storage.loot.LootTable$Builder
[12:48:30] [main/DEBUG] (FabricLoader/Mixin) Mixing LootTableBuilderMixin from fabric-loot-api-v2.mixins.json into net.minecraft.world.level.storage.loot.LootTable$Builder
[12:48:30] [main/DEBUG] (FabricLoader/Mixin) Mixing ResourceFinderAccessor from fabric-resource-conditions-api-v1.mixins.json into net.minecraft.resources.FileToIdConverter
[12:48:30] [main/DEBUG] (FabricLoader/Mixin) Mixing ResourceFinderAccessor from fabric-loot-api-v3.mixins.json into net.minecraft.resources.FileToIdConverter
[12:48:30] [main/DEBUG] (FabricLoader/Mixin) Unexpected: Registered method getDirectoryName()Ljava/lang/String; in net.minecraft.resources.FileToIdConverter was not merged
[12:48:30] [main/DEBUG] (FabricLoader/Entrypoint) No subscribers for entrypoint 'server'
[12:48:30] [main/DEBUG] (FabricLoader/Mixin) Mixing SimpleRegistryTagLookup2Accessor from fabric-tag-api-v1.mixins.json into net.minecraft.core.MappedRegistry$TagSet$2
[12:48:30] [main/DEBUG] (FabricLoader/Mixin) Mixing ServerPropertiesHandlerMixin from fabric-resource-loader-v0.mixins.json into net.minecraft.server.dedicated.DedicatedServerProperties
[12:48:30] [main/DEBUG] (FabricLoader/Mixin) Mixing ResourcePackProfileMixin from fabric-resource-conditions-api-v1.mixins.json into net.minecraft.server.packs.repository.Pack
[12:48:30] [main/DEBUG] (FabricLoader/Mixin) Mixing ResourcePackProfileMixin from fabric-resource-loader-v0.mixins.json into net.minecraft.server.packs.repository.Pack
[12:48:30] [main/DEBUG] (FabricLoader/Mixin) Renaming synthetic method lambda$static$0(Ljava/util/Set;)Z to mdbbab15$fabric-resource-loader-v0$lambda$static$0$0 in fabric-resource-loader-v0.mixins.json:ResourcePackProfileMixin from mod fabric-resource-loader-v0
[12:48:30] [main/DEBUG] (FabricLoader/Mixin) fabric-resource-loader-v0.mixins.json:ResourcePackProfileMixin from mod fabric-resource-loader-v0->@Inject::onCreateResourcePack(Lorg/spongepowered/asm/mixin/injection/callback/CallbackInfoReturnable;)V does use it's CallbackInfoReturnable
[12:48:30] [main/INFO] (net.minecraft.server.Main) You need to agree to the EULA in order to run the server. Go to eula.txt for more info.
